Product line,Unit price,Quantity,Sales,Date,Profit,Region,Order Month
Health and beauty,74.69,7,548.9715,2019-01-05,26.1415,North America,Jan-2019
Electronic accessories,15.28,5,80.22,2019-03-08,3.82,Europe,Mar-2019
Home and lifestyle,46.33,7,340.5255,2019-03-03,16.2155,Asia,Mar-2019
Health and beauty,58.22,8,489.048,2019-01-27,23.288,North America,Jan-2019
Sports and travel,86.31,7,634.3785,2019-02-08,30.2085,Europe,Feb-2019
Electronic accessories,85.39,7,627.6165,2019-03-25,29.8865,Asia,Mar-2019
Electronic accessories,68.84,6,433.692,2019-02-25,20.652,North America,Feb-2019
Home and lifestyle,73.56,10,772.38,2019-02-24,36.78,Europe,Feb-2019
Health and beauty,36.26,2,76.146,2019-01-10,3.626,Asia,Jan-2019
Food and beverages,54.84,3,172.746,2019-02-20,8.226,North America,Feb-2019
Fashion accessories,14.48,4,60.816,2019-02-06,2.896,Europe,Feb-2019
Electronic accessories,25.51,4,107.142,2019-03-09,5.102,Asia,Mar-2019
Electronic accessories,46.95,5,246.4875,2019-02-12,11.7375,North America,Feb-2019
Food and beverages,43.19,10,453.495,2019-02-07,21.595,Europe,Feb-2019
Health and beauty,71.38,10,749.49,2019-03-29,35.69,Asia,Mar-2019
Sports and travel,93.72,6,590.436,2019-01-15,28.116,North America,Jan-2019
Health and beauty,68.93,7,506.6355,2019-03-11,24.1255,Europe,Mar-2019
Sports and travel,72.61,6,457.443,2019-01-01,21.783,Asia,Jan-2019
Food and beverages,54.67,3,172.2105,2019-01-21,8.2005,North America,Jan-2019
Home and lifestyle,40.3,2,84.63,2019-03-11,4.03,Europe,Mar-2019
Electronic accessories,86.04,5,451.71,2019-02-25,21.51,Asia,Feb-2019
Health and beauty,87.98,3,277.137,2019-03-05,13.197,North America,Mar-2019
Home and lifestyle,33.2,2,69.72,2019-03-15,3.32,Europe,Mar-2019
Electronic accessories,34.56,5,181.44,2019-02-17,8.64,Asia,Feb-2019
Sports and travel,88.63,3,279.1845,2019-03-02,13.2945,North America,Mar-2019
Home and lifestyle,52.59,8,441.756,2019-03-22,21.036,Europe,Mar-2019
Fashion accessories,33.52,1,35.196,2019-02-08,1.676,Asia,Feb-2019
Fashion accessories,87.67,2,184.107,2019-03-10,8.767,North America,Mar-2019
Food and beverages,88.36,5,463.89,2019-01-25,22.09,Europe,Jan-2019
Health and beauty,24.89,9,235.2105,2019-03-15,11.2005,Asia,Mar-2019
Fashion accessories,94.13,5,494.1825,2019-02-25,23.5325,North America,Feb-2019
Sports and travel,78.07,9,737.7615,2019-01-28,35.1315,Europe,Jan-2019
Sports and travel,83.78,8,703.752,2019-01-10,33.512,Asia,Jan-2019
Health and beauty,96.58,2,202.818,2019-03-15,9.658,North America,Mar-2019
Food and beverages,99.42,4,417.564,2019-02-06,19.884,Europe,Feb-2019
Sports and travel,68.12,1,71.526,2019-01-07,3.406,Asia,Jan-2019
Sports and travel,62.62,5,328.755,2019-03-10,15.655,North America,Mar-2019
Electronic accessories,60.88,9,575.316,2019-01-15,27.396,Europe,Jan-2019
Health and beauty,54.92,8,461.328,2019-03-23,21.968,Asia,Mar-2019
Home and lifestyle,30.12,8,253.008,2019-03-03,12.048,North America,Mar-2019
Home and lifestyle,86.72,1,91.056,2019-01-17,4.336,Europe,Jan-2019
Home and lifestyle,56.11,2,117.831,2019-02-02,5.611,Asia,Feb-2019
Sports and travel,69.12,6,435.456,2019-02-08,20.736,North America,Feb-2019
Food and beverages,98.7,8,829.08,2019-03-04,39.48,Europe,Mar-2019
Health and beauty,15.37,2,32.277,2019-03-16,1.537,Asia,Mar-2019
Electronic accessories,93.96,4,394.632,2019-03-09,18.792,North America,Mar-2019
Health and beauty,56.69,9,535.7205,2019-02-27,25.5105,Europe,Feb-2019
Food and beverages,20.01,9,189.0945,2019-02-06,9.0045,Asia,Feb-2019
Electronic accessories,18.93,6,119.259,2019-02-10,5.679,North America,Feb-2019
Fashion accessories,82.63,10,867.615,2019-03-19,41.315,Europe,Mar-2019
Food and beverages,91.4,7,671.79,2019-02-03,31.99,Asia,Feb-2019
Food and beverages,44.59,5,234.0975,2019-02-10,11.1475,North America,Feb-2019
Fashion accessories,17.87,4,75.054,2019-03-22,3.574,Europe,Mar-2019
Fashion accessories,15.43,1,16.2015,2019-01-25,0.7715,Asia,Jan-2019
Home and lifestyle,16.16,2,33.936,2019-03-07,1.616,North America,Mar-2019
Electronic accessories,85.98,8,722.232,2019-02-28,34.392,Europe,Feb-2019
Home and lifestyle,44.34,2,93.114,2019-03-27,4.434,Asia,Mar-2019
Health and beauty,89.6,8,752.64,2019-02-07,35.84,North America,Feb-2019
Home and lifestyle,72.35,10,759.675,2019-01-20,36.175,Europe,Jan-2019
Electronic accessories,30.61,6,192.843,2019-03-12,9.183,Asia,Mar-2019
Sports and travel,24.74,3,77.931,2019-02-15,3.711,North America,Feb-2019
Home and lifestyle,55.73,6,351.099,2019-02-24,16.719,Europe,Feb-2019
Sports and travel,55.07,9,520.4115,2019-02-03,24.7815,Asia,Feb-2019
Sports and travel,15.81,10,166.005,2019-03-06,7.905,North America,Mar-2019
Health and beauty,75.74,4,318.108,2019-02-14,15.148,Europe,Feb-2019
Health and beauty,15.87,10,166.635,2019-03-13,7.935,Asia,Mar-2019
Health and beauty,33.47,2,70.287,2019-02-10,3.347,North America,Feb-2019
Fashion accessories,97.61,6,614.943,2019-01-07,29.283,Europe,Jan-2019
Sports and travel,78.77,10,827.085,2019-01-24,39.385,Asia,Jan-2019
Health and beauty,18.33,1,19.2465,2019-02-02,0.9165,North America,Feb-2019
Food and beverages,89.48,10,939.54,2019-01-06,44.74,Europe,Jan-2019
Fashion accessories,62.12,10,652.26,2019-02-11,31.06,Asia,Feb-2019
Food and beverages,48.52,3,152.838,2019-03-05,7.278,North America,Mar-2019
Electronic accessories,75.91,6,478.233,2019-03-09,22.773,Europe,Mar-2019
Home and lifestyle,74.67,9,705.6315,2019-01-22,33.6015,Asia,Jan-2019
Electronic accessories,41.65,10,437.325,2019-01-13,20.825,North America,Jan-2019
Fashion accessories,49.04,9,463.428,2019-01-09,22.068,Europe,Jan-2019
Fashion accessories,20.01,9,189.0945,2019-01-12,9.0045,Asia,Jan-2019
Food and beverages,78.31,10,822.255,2019-03-05,39.155,North America,Mar-2019
Health and beauty,20.38,5,106.995,2019-01-22,5.095,Europe,Jan-2019
Health and beauty,99.19,6,624.897,2019-01-21,29.757,Asia,Jan-2019
Food and beverages,96.68,3,304.542,2019-01-26,14.502,North America,Jan-2019
Food and beverages,19.25,8,161.7,2019-01-23,7.7,Europe,Jan-2019
Food and beverages,80.36,4,337.512,2019-02-23,16.072,Asia,Feb-2019
Sports and travel,48.91,5,256.7775,2019-03-09,12.2275,North America,Mar-2019
Sports and travel,83.06,7,610.491,2019-03-05,29.071,Europe,Mar-2019
Fashion accessories,76.52,5,401.73,2019-03-25,19.13,Asia,Mar-2019
Food and beverages,49.38,7,362.943,2019-03-27,17.283,North America,Mar-2019
Sports and travel,42.47,1,44.5935,2019-01-02,2.1235,Europe,Jan-2019
Health and beauty,76.99,6,485.037,2019-02-27,23.097,Asia,Feb-2019
Home and lifestyle,47.38,4,198.996,2019-01-23,9.476,North America,Jan-2019
Sports and travel,44.86,10,471.03,2019-01-26,22.43,Europe,Jan-2019
Sports and travel,21.98,7,161.553,2019-01-10,7.693,Asia,Jan-2019
Health and beauty,64.36,9,608.202,2019-03-12,28.962,North America,Mar-2019
Health and beauty,89.75,1,94.2375,2019-02-06,4.4875,Europe,Feb-2019
Electronic accessories,97.16,1,102.018,2019-03-08,4.858,Asia,Mar-2019
Health and beauty,87.87,10,922.635,2019-03-29,43.935,North America,Mar-2019
Electronic accessories,12.45,6,78.435,2019-02-09,3.735,Europe,Feb-2019
Food and beverages,52.75,3,166.1625,2019-03-23,7.9125,Asia,Mar-2019
Home and lifestyle,82.7,6,521.01,2019-03-05,24.81,North America,Mar-2019
Fashion accessories,48.71,1,51.1455,2019-03-26,2.4355,Europe,Mar-2019
Fashion accessories,78.55,9,742.2975,2019-03-01,35.3475,Asia,Mar-2019
Electronic accessories,23.07,9,218.0115,2019-02-01,10.3815,North America,Feb-2019
Food and beverages,58.26,6,367.038,2019-03-28,17.478,Europe,Mar-2019
Health and beauty,30.35,7,223.0725,2019-03-19,10.6225,Asia,Mar-2019
Electronic accessories,88.67,10,931.035,2019-01-12,44.335,North America,Jan-2019
Fashion accessories,27.38,6,172.494,2019-01-05,8.214,Europe,Jan-2019
Sports and travel,62.13,6,391.419,2019-03-22,18.639,Asia,Mar-2019
Food and beverages,33.98,9,321.111,2019-03-24,15.291,North America,Mar-2019
Electronic accessories,81.97,10,860.685,2019-03-03,40.985,Europe,Mar-2019
Sports and travel,16.49,2,34.629,2019-02-05,1.649,Asia,Feb-2019
Health and beauty,98.21,3,309.3615,2019-02-05,14.7315,North America,Feb-2019
Fashion accessories,72.84,7,535.374,2019-02-15,25.494,Europe,Feb-2019
Home and lifestyle,58.07,9,548.7615,2019-01-19,26.1315,Asia,Jan-2019
Home and lifestyle,80.79,9,763.4655,2019-02-01,36.3555,North America,Feb-2019
Fashion accessories,27.02,3,85.113,2019-03-02,4.053,Europe,Mar-2019
Fashion accessories,21.94,5,115.185,2019-03-05,5.485,Asia,Mar-2019
Fashion accessories,51.36,1,53.928,2019-01-16,2.568,North America,Jan-2019
Food and beverages,10.96,10,115.08,2019-02-02,5.48,Europe,Feb-2019
Home and lifestyle,53.44,2,112.224,2019-01-20,5.344,Asia,Jan-2019
Electronic accessories,99.56,8,836.304,2019-02-14,39.824,North America,Feb-2019
Sports and travel,57.12,7,419.832,2019-01-12,19.992,Europe,Jan-2019
Sports and travel,99.96,9,944.622,2019-03-09,44.982,Asia,Mar-2019
Home and lifestyle,63.91,8,536.844,2019-03-13,25.564,North America,Mar-2019
Fashion accessories,56.47,8,474.348,2019-03-09,22.588,Europe,Mar-2019
Home and lifestyle,93.69,7,688.6215,2019-03-10,32.7915,Asia,Mar-2019
Sports and travel,32.25,5,169.3125,2019-01-27,8.0625,North America,Jan-2019
Fashion accessories,31.73,9,299.8485,2019-01-08,14.2785,Europe,Jan-2019
Food and beverages,68.54,8,575.736,2019-01-08,27.416,Asia,Jan-2019
Sports and travel,90.28,9,853.146,2019-02-08,40.626,North America,Feb-2019
Fashion accessories,39.62,7,291.207,2019-01-25,13.867,Europe,Jan-2019
Sports and travel,92.13,6,580.419,2019-03-06,27.639,Asia,Mar-2019
Sports and travel,34.84,4,146.328,2019-02-10,6.968,North America,Feb-2019
Electronic accessories,87.45,6,550.935,2019-02-17,26.235,Europe,Feb-2019
Health and beauty,81.3,6,512.19,2019-03-08,24.39,Asia,Mar-2019
Fashion accessories,90.22,3,284.193,2019-02-18,13.533,North America,Feb-2019
Electronic accessories,26.31,5,138.1275,2019-01-18,6.5775,Europe,Jan-2019
Home and lifestyle,34.42,6,216.846,2019-02-18,10.326,Asia,Feb-2019
Sports and travel,51.91,10,545.055,2019-02-16,25.955,North America,Feb-2019
Sports and travel,72.5,8,609.0,2019-03-16,29.0,Europe,Mar-2019
Sports and travel,89.8,10,942.9,2019-01-23,44.9,Asia,Jan-2019
Health and beauty,90.5,10,950.25,2019-01-25,45.25,North America,Jan-2019
Health and beauty,68.6,10,720.3,2019-02-05,34.3,Europe,Feb-2019
Food and beverages,30.41,1,31.9305,2019-02-22,1.5205,Asia,Feb-2019
Home and lifestyle,77.95,6,491.085,2019-01-21,23.385,North America,Jan-2019
Health and beauty,46.26,6,291.438,2019-03-08,13.878,Europe,Mar-2019
Fashion accessories,30.14,10,316.47,2019-02-10,15.07,Asia,Feb-2019
Health and beauty,66.14,4,277.788,2019-03-19,13.228,North America,Mar-2019
Home and lifestyle,71.86,8,603.624,2019-03-06,28.744,Europe,Mar-2019
Health and beauty,32.46,8,272.664,2019-03-27,12.984,Asia,Mar-2019
Fashion accessories,91.54,4,384.468,2019-03-23,18.308,North America,Mar-2019
Sports and travel,34.56,7,254.016,2019-03-11,12.096,Europe,Mar-2019
Fashion accessories,83.24,9,786.618,2019-01-29,37.458,Asia,Jan-2019
Food and beverages,16.48,6,103.824,2019-02-07,4.944,North America,Feb-2019
Sports and travel,80.97,8,680.148,2019-01-28,32.388,Europe,Jan-2019
Food and beverages,92.29,5,484.5225,2019-02-20,23.0725,Asia,Feb-2019
Electronic accessories,72.17,1,75.7785,2019-01-04,3.6085,North America,Jan-2019
Home and lifestyle,50.28,5,263.97,2019-03-07,12.57,Europe,Mar-2019
Health and beauty,97.22,9,918.729,2019-03-30,43.749,Asia,Mar-2019
Sports and travel,93.39,6,588.357,2019-03-27,28.017,North America,Mar-2019
Food and beverages,43.18,8,362.712,2019-01-19,17.272,Europe,Jan-2019
Sports and travel,63.69,1,66.8745,2019-02-25,3.1845,Asia,Feb-2019
Food and beverages,45.79,7,336.5565,2019-03-13,16.0265,North America,Mar-2019
Sports and travel,76.4,2,160.44,2019-01-30,7.64,Europe,Jan-2019
Food and beverages,39.9,10,418.95,2019-02-20,19.95,Asia,Feb-2019
Health and beauty,42.57,8,357.588,2019-02-25,17.028,North America,Feb-2019
Home and lifestyle,95.58,10,1003.59,2019-01-16,47.79,Europe,Jan-2019
Fashion accessories,98.98,10,1039.29,2019-02-08,49.49,Asia,Feb-2019
Food and beverages,51.28,6,323.064,2019-01-19,15.384,North America,Jan-2019
Sports and travel,69.52,7,510.972,2019-02-01,24.332,Europe,Feb-2019
Health and beauty,70.01,5,367.5525,2019-01-03,17.5025,Asia,Jan-2019
Food and beverages,80.05,5,420.2625,2019-01-26,20.0125,North America,Jan-2019
Electronic accessories,20.85,8,175.14,2019-03-03,8.34,Europe,Mar-2019
Electronic accessories,52.89,6,333.207,2019-01-19,15.867,Asia,Jan-2019
Food and beverages,19.79,8,166.236,2019-01-18,7.916,North America,Jan-2019
Home and lifestyle,33.84,9,319.788,2019-03-21,15.228,Europe,Mar-2019
Food and beverages,22.17,8,186.228,2019-03-03,8.868,Asia,Mar-2019
Fashion accessories,22.51,7,165.4485,2019-02-13,7.8785,North America,Feb-2019
Food and beverages,73.88,6,465.444,2019-03-23,22.164,Europe,Mar-2019
Health and beauty,86.8,3,273.42,2019-01-28,13.02,Asia,Jan-2019
Fashion accessories,64.26,7,472.311,2019-02-09,22.491,North America,Feb-2019
Food and beverages,38.47,8,323.148,2019-01-23,15.388,Europe,Jan-2019
Sports and travel,15.5,10,162.75,2019-03-23,7.75,Asia,Mar-2019
Health and beauty,34.31,8,288.204,2019-01-25,13.724,North America,Jan-2019
Sports and travel,12.34,7,90.699,2019-03-04,4.319,Europe,Mar-2019
Food and beverages,18.08,3,56.952,2019-03-05,2.712,Asia,Mar-2019
Home and lifestyle,94.49,8,793.716,2019-03-03,37.796,North America,Mar-2019
Home and lifestyle,46.47,4,195.174,2019-02-08,9.294,Europe,Feb-2019
Home and lifestyle,74.07,1,77.7735,2019-02-10,3.7035,Asia,Feb-2019
Home and lifestyle,69.81,4,293.202,2019-01-28,13.962,North America,Jan-2019
Home and lifestyle,77.04,3,242.676,2019-02-11,11.556,Europe,Feb-2019
Fashion accessories,73.52,2,154.392,2019-01-15,7.352,Asia,Jan-2019
Food and beverages,87.8,9,829.71,2019-03-16,39.51,North America,Mar-2019
Home and lifestyle,25.55,4,107.31,2019-01-26,5.11,Europe,Jan-2019
Electronic accessories,32.71,5,171.7275,2019-03-19,8.1775,Asia,Mar-2019
Fashion accessories,74.29,1,78.0045,2019-01-13,3.7145,North America,Jan-2019
Health and beauty,43.7,2,91.77,2019-03-26,4.37,Europe,Mar-2019
Home and lifestyle,25.29,1,26.5545,2019-03-23,1.2645,Asia,Mar-2019
Health and beauty,41.5,4,174.3,2019-03-12,8.3,North America,Mar-2019
Food and beverages,71.39,5,374.7975,2019-02-17,17.8475,Europe,Feb-2019
Sports and travel,19.15,6,120.645,2019-01-29,5.745,Asia,Jan-2019
Electronic accessories,57.49,4,241.458,2019-03-15,11.498,North America,Mar-2019
Electronic accessories,61.41,7,451.3635,2019-01-14,21.4935,Europe,Jan-2019
Health and beauty,25.9,10,271.95,2019-02-06,12.95,Asia,Feb-2019
Home and lifestyle,17.77,5,93.2925,2019-02-15,4.4425,North America,Feb-2019
Health and beauty,23.03,9,217.6335,2019-01-03,10.3635,Europe,Jan-2019
Electronic accessories,66.65,9,629.8425,2019-01-04,29.9925,Asia,Jan-2019
Home and lifestyle,28.53,10,299.565,2019-03-18,14.265,North America,Mar-2019
Fashion accessories,30.37,3,95.6655,2019-03-28,4.5555,Europe,Mar-2019
Electronic accessories,99.73,9,942.4485,2019-03-02,44.8785,Asia,Mar-2019
Electronic accessories,26.23,9,247.8735,2019-01-25,11.8035,North America,Jan-2019
Food and beverages,93.26,9,881.307,2019-01-16,41.967,Europe,Jan-2019
Home and lifestyle,92.36,5,484.89,2019-03-20,23.09,Asia,Mar-2019
Sports and travel,46.42,3,146.223,2019-01-04,6.963,North America,Jan-2019
Sports and travel,29.61,7,217.6335,2019-03-11,10.3635,Europe,Mar-2019
Home and lifestyle,18.28,1,19.194,2019-03-22,0.914,Asia,Mar-2019
Sports and travel,24.77,5,130.0425,2019-03-24,6.1925,North America,Mar-2019
Electronic accessories,94.64,3,298.116,2019-02-21,14.196,Europe,Feb-2019
Fashion accessories,94.87,8,796.908,2019-02-12,37.948,Asia,Feb-2019
Food and beverages,57.34,3,180.621,2019-03-10,8.601,North America,Mar-2019
Electronic accessories,45.35,6,285.705,2019-01-31,13.605,Europe,Jan-2019
Food and beverages,62.08,7,456.288,2019-03-06,21.728,Asia,Mar-2019
Electronic accessories,11.81,5,62.0025,2019-02-17,2.9525,North America,Feb-2019
Fashion accessories,12.54,1,13.167,2019-02-21,0.627,Europe,Feb-2019
Food and beverages,43.25,2,90.825,2019-03-20,4.325,Asia,Mar-2019
Sports and travel,87.16,2,183.036,2019-01-11,8.716,North America,Jan-2019
Health and beauty,69.37,9,655.5465,2019-01-26,31.2165,Europe,Jan-2019
Electronic accessories,37.06,4,155.652,2019-01-31,7.412,Asia,Jan-2019
Electronic accessories,90.7,6,571.41,2019-02-26,27.21,North America,Feb-2019
Home and lifestyle,63.42,8,532.728,2019-03-11,25.368,Europe,Mar-2019
Fashion accessories,81.37,2,170.877,2019-01-26,8.137,Asia,Jan-2019
Electronic accessories,10.59,3,33.3585,2019-03-12,1.5885,North America,Mar-2019
Health and beauty,84.09,9,794.6505,2019-02-11,37.8405,Europe,Feb-2019
Fashion accessories,73.82,4,310.044,2019-02-21,14.764,Asia,Feb-2019
Health and beauty,51.94,10,545.37,2019-03-09,25.97,North America,Mar-2019
Sports and travel,93.14,2,195.594,2019-01-20,9.314,Europe,Jan-2019
Health and beauty,17.41,5,91.4025,2019-01-28,4.3525,Asia,Jan-2019
Fashion accessories,44.22,5,232.155,2019-03-05,11.055,North America,Mar-2019
Electronic accessories,13.22,5,69.405,2019-03-02,3.305,Europe,Mar-2019
Fashion accessories,89.69,1,94.1745,2019-01-11,4.4845,Asia,Jan-2019
Food and beverages,24.94,9,235.683,2019-01-11,11.223,North America,Jan-2019
Health and beauty,59.77,2,125.517,2019-03-11,5.977,Europe,Mar-2019
Fashion accessories,93.2,2,195.72,2019-02-28,9.32,Asia,Feb-2019
Home and lifestyle,62.65,4,263.13,2019-01-05,12.53,North America,Jan-2019
Home and lifestyle,93.87,8,788.508,2019-02-02,37.548,Europe,Feb-2019
Home and lifestyle,47.59,8,399.756,2019-01-01,19.036,Asia,Jan-2019
Electronic accessories,81.4,3,256.41,2019-02-09,12.21,North America,Feb-2019
Fashion accessories,17.94,5,94.185,2019-01-23,4.485,Europe,Jan-2019
Electronic accessories,77.72,4,326.424,2019-01-07,15.544,Asia,Jan-2019
Food and beverages,73.06,7,536.991,2019-01-14,25.571,North America,Jan-2019
Food and beverages,46.55,9,439.8975,2019-02-02,20.9475,Europe,Feb-2019
Fashion accessories,35.19,10,369.495,2019-03-17,17.595,Asia,Mar-2019
Sports and travel,14.39,2,30.219,2019-03-02,1.439,North America,Mar-2019
Home and lifestyle,23.75,4,99.75,2019-03-16,4.75,Europe,Mar-2019
Home and lifestyle,58.9,8,494.76,2019-01-06,23.56,Asia,Jan-2019
Fashion accessories,32.62,4,137.004,2019-01-29,6.524,North America,Jan-2019
Electronic accessories,66.35,1,69.6675,2019-01-31,3.3175,Europe,Jan-2019
Home and lifestyle,25.91,6,163.233,2019-02-05,7.773,Asia,Feb-2019
Electronic accessories,32.25,4,135.45,2019-02-13,6.45,North America,Feb-2019
Electronic accessories,65.94,4,276.948,2019-02-07,13.188,Europe,Feb-2019
Electronic accessories,75.06,9,709.317,2019-03-19,33.777,Asia,Mar-2019
Fashion accessories,16.45,4,69.09,2019-03-07,3.29,North America,Mar-2019
Fashion accessories,38.3,4,160.86,2019-03-13,7.66,Europe,Mar-2019
Sports and travel,22.24,10,233.52,2019-02-09,11.12,Asia,Feb-2019
Sports and travel,54.45,1,57.1725,2019-02-26,2.7225,North America,Feb-2019
Sports and travel,98.4,7,723.24,2019-03-12,34.44,Europe,Mar-2019
Home and lifestyle,35.47,4,148.974,2019-03-14,7.094,Asia,Mar-2019
Food and beverages,74.6,10,783.3,2019-01-08,37.3,North America,Jan-2019
Home and lifestyle,70.74,4,297.108,2019-01-05,14.148,Europe,Jan-2019
Home and lifestyle,35.54,10,373.17,2019-01-04,17.77,Asia,Jan-2019
Sports and travel,67.43,5,354.0075,2019-03-06,16.8575,North America,Mar-2019
Health and beauty,21.12,2,44.352,2019-01-03,2.112,Europe,Jan-2019
Home and lifestyle,21.54,9,203.553,2019-01-07,9.693,Asia,Jan-2019
Home and lifestyle,12.03,2,25.263,2019-01-27,1.203,North America,Jan-2019
Health and beauty,99.71,6,628.173,2019-02-26,29.913,Europe,Feb-2019
Fashion accessories,47.97,7,352.5795,2019-01-07,16.7895,Asia,Jan-2019
Home and lifestyle,21.82,10,229.11,2019-01-07,10.91,North America,Jan-2019
Fashion accessories,95.42,4,400.764,2019-02-02,19.084,Europe,Feb-2019
Fashion accessories,70.99,10,745.395,2019-03-20,35.495,Asia,Mar-2019
Sports and travel,44.02,10,462.21,2019-03-20,22.01,North America,Mar-2019
Home and lifestyle,69.96,8,587.664,2019-02-15,27.984,Europe,Feb-2019
Home and lifestyle,37.0,1,38.85,2019-03-06,1.85,Asia,Mar-2019
Sports and travel,15.34,1,16.107,2019-01-06,0.767,North America,Jan-2019
Health and beauty,99.83,6,628.929,2019-03-04,29.949,Europe,Mar-2019
Health and beauty,47.67,4,200.214,2019-03-12,9.534,Asia,Mar-2019
Health and beauty,66.68,5,350.07,2019-02-20,16.67,North America,Feb-2019
Home and lifestyle,74.86,1,78.603,2019-03-24,3.743,Europe,Mar-2019
Sports and travel,23.75,9,224.4375,2019-01-31,10.6875,Asia,Jan-2019
Food and beverages,48.51,7,356.5485,2019-01-25,16.9785,North America,Jan-2019
Home and lifestyle,94.88,7,697.368,2019-02-03,33.208,Europe,Feb-2019
Electronic accessories,40.3,10,423.15,2019-01-24,20.15,Asia,Jan-2019
Electronic accessories,27.85,7,204.6975,2019-03-14,9.7475,North America,Mar-2019
Electronic accessories,62.48,1,65.604,2019-02-18,3.124,Europe,Feb-2019
Food and beverages,36.36,2,76.356,2019-01-21,3.636,Asia,Jan-2019
Health and beauty,18.11,10,190.155,2019-03-13,9.055,North America,Mar-2019
Electronic accessories,51.92,5,272.58,2019-03-03,12.98,Europe,Mar-2019
Electronic accessories,28.84,4,121.128,2019-03-29,5.768,Asia,Mar-2019
Home and lifestyle,78.38,6,493.794,2019-01-10,23.514,North America,Jan-2019
Home and lifestyle,60.01,4,252.042,2019-01-25,12.002,Europe,Jan-2019
Home and lifestyle,88.61,1,93.0405,2019-01-19,4.4305,Asia,Jan-2019
Fashion accessories,99.82,2,209.622,2019-01-02,9.982,North America,Jan-2019
Health and beauty,39.01,1,40.9605,2019-03-12,1.9505,Europe,Mar-2019
Food and beverages,48.61,1,51.0405,2019-02-25,2.4305,Asia,Feb-2019
Electronic accessories,51.19,4,214.998,2019-03-18,10.238,North America,Mar-2019
Electronic accessories,14.96,8,125.664,2019-02-23,5.984,Europe,Feb-2019
Electronic accessories,72.2,7,530.67,2019-03-26,25.27,Asia,Mar-2019
Sports and travel,40.23,7,295.6905,2019-03-30,14.0805,North America,Mar-2019
Home and lifestyle,88.79,8,745.836,2019-02-17,35.516,Europe,Feb-2019
Electronic accessories,26.48,3,83.412,2019-03-21,3.972,Asia,Mar-2019
Fashion accessories,81.91,2,172.011,2019-03-05,8.191,North America,Mar-2019
Sports and travel,79.93,6,503.559,2019-01-31,23.979,Europe,Jan-2019
Fashion accessories,69.33,2,145.593,2019-02-05,6.933,Asia,Feb-2019
Food and beverages,14.23,5,74.7075,2019-02-01,3.5575,North America,Feb-2019
Health and beauty,15.55,9,146.9475,2019-03-07,6.9975,Europe,Mar-2019
Electronic accessories,78.13,10,820.365,2019-02-10,39.065,Asia,Feb-2019
Food and beverages,99.37,2,208.677,2019-02-14,9.937,North America,Feb-2019
Food and beverages,21.08,3,66.402,2019-02-09,3.162,Europe,Feb-2019
Electronic accessories,74.79,5,392.6475,2019-01-10,18.6975,Asia,Jan-2019
Health and beauty,29.67,7,218.0745,2019-03-11,10.3845,North America,Mar-2019
Health and beauty,44.07,4,185.094,2019-02-18,8.814,Europe,Feb-2019
Food and beverages,22.93,9,216.6885,2019-02-26,10.3185,Asia,Feb-2019
Health and beauty,39.42,1,41.391,2019-01-18,1.971,North America,Jan-2019
Health and beauty,15.26,6,96.138,2019-02-15,4.578,Europe,Feb-2019
Fashion accessories,61.77,5,324.2925,2019-03-08,15.4425,Asia,Mar-2019
Home and lifestyle,21.52,6,135.576,2019-01-17,6.456,North America,Jan-2019
Sports and travel,97.74,4,410.508,2019-03-12,19.548,Europe,Mar-2019
Food and beverages,99.78,5,523.845,2019-03-09,24.945,Asia,Mar-2019
Food and beverages,94.26,4,395.892,2019-03-12,18.852,North America,Mar-2019
Health and beauty,51.13,4,214.746,2019-01-25,10.226,Europe,Jan-2019
Electronic accessories,36.36,4,152.712,2019-03-25,7.272,Asia,Mar-2019
Home and lifestyle,22.02,9,208.089,2019-02-07,9.909,North America,Feb-2019
Food and beverages,32.9,3,103.635,2019-02-17,4.935,Europe,Feb-2019
Fashion accessories,77.02,5,404.355,2019-02-03,19.255,Asia,Feb-2019
Food and beverages,23.48,2,49.308,2019-03-14,2.348,North America,Mar-2019
Sports and travel,14.7,5,77.175,2019-03-24,3.675,Europe,Mar-2019
Electronic accessories,28.45,5,149.3625,2019-03-21,7.1125,Asia,Mar-2019
Fashion accessories,76.4,9,721.98,2019-03-19,34.38,North America,Mar-2019
Sports and travel,57.95,6,365.085,2019-02-24,17.385,Europe,Feb-2019
Electronic accessories,47.65,3,150.0975,2019-03-28,7.1475,Asia,Mar-2019
Food and beverages,42.82,9,404.649,2019-02-05,19.269,North America,Feb-2019
Electronic accessories,48.09,3,151.4835,2019-02-10,7.2135,Europe,Feb-2019
Health and beauty,55.97,7,411.3795,2019-03-05,19.5895,Asia,Mar-2019
Health and beauty,76.9,7,565.215,2019-02-15,26.915,North America,Feb-2019
Food and beverages,97.03,5,509.4075,2019-01-30,24.2575,Europe,Jan-2019
Sports and travel,44.65,3,140.6475,2019-02-14,6.6975,Asia,Feb-2019
Fashion accessories,77.93,9,736.4385,2019-02-27,35.0685,North America,Feb-2019
Electronic accessories,71.95,1,75.5475,2019-02-04,3.5975,Europe,Feb-2019
Home and lifestyle,89.25,8,749.7,2019-01-20,35.7,Asia,Jan-2019
Electronic accessories,26.02,7,191.247,2019-03-28,9.107,North America,Mar-2019
Health and beauty,13.5,10,141.75,2019-02-27,6.75,Europe,Feb-2019
Fashion accessories,99.3,10,1042.65,2019-02-15,49.65,Asia,Feb-2019
Electronic accessories,51.69,7,379.9215,2019-01-26,18.0915,North America,Jan-2019
Fashion accessories,54.73,7,402.2655,2019-03-14,19.1555,Europe,Mar-2019
Home and lifestyle,27.0,9,255.15,2019-03-02,12.15,Asia,Mar-2019
Electronic accessories,30.24,1,31.752,2019-03-04,1.512,North America,Mar-2019
Food and beverages,89.14,4,374.388,2019-01-07,17.828,Europe,Jan-2019
Fashion accessories,37.55,10,394.275,2019-03-08,18.775,Asia,Mar-2019
Sports and travel,95.44,10,1002.12,2019-01-09,47.72,North America,Jan-2019
Electronic accessories,27.5,3,86.625,2019-03-01,4.125,Europe,Mar-2019
Sports and travel,74.97,1,78.7185,2019-03-16,3.7485,Asia,Mar-2019
Food and beverages,80.96,8,680.064,2019-02-17,32.384,North America,Feb-2019
Food and beverages,94.47,8,793.548,2019-02-27,37.788,Europe,Feb-2019
Food and beverages,99.79,2,209.559,2019-03-07,9.979,Asia,Mar-2019
Home and lifestyle,73.22,6,461.286,2019-01-21,21.966,North America,Jan-2019
Food and beverages,41.24,4,173.208,2019-02-19,8.248,Europe,Feb-2019
Fashion accessories,81.68,4,343.056,2019-01-06,16.336,Asia,Jan-2019
Electronic accessories,51.32,9,484.974,2019-03-14,23.094,North America,Mar-2019
Home and lifestyle,65.94,4,276.948,2019-03-24,13.188,Europe,Mar-2019
Sports and travel,14.36,10,150.78,2019-01-27,7.18,Asia,Jan-2019
Electronic accessories,21.5,9,203.175,2019-03-06,9.675,North America,Mar-2019
Electronic accessories,26.26,7,193.011,2019-02-02,9.191,Europe,Feb-2019
Fashion accessories,60.96,2,128.016,2019-01-25,6.096,Asia,Jan-2019
Home and lifestyle,70.11,6,441.693,2019-03-14,21.033,North America,Mar-2019
Fashion accessories,42.08,6,265.104,2019-01-29,12.624,Europe,Jan-2019
Home and lifestyle,67.09,5,352.2225,2019-01-03,16.7725,Asia,Jan-2019
Fashion accessories,96.7,5,507.675,2019-01-14,24.175,North America,Jan-2019
Home and lifestyle,35.38,9,334.341,2019-01-05,15.921,Europe,Jan-2019
Sports and travel,95.49,7,701.8515,2019-02-22,33.4215,Asia,Feb-2019
Fashion accessories,96.98,4,407.316,2019-02-06,19.396,North America,Feb-2019
Electronic accessories,23.65,4,99.33,2019-01-30,4.73,Europe,Jan-2019
Sports and travel,82.33,4,345.786,2019-01-11,16.466,Asia,Jan-2019
Electronic accessories,26.61,2,55.881,2019-03-19,2.661,North America,Mar-2019
Food and beverages,99.69,5,523.3725,2019-01-14,24.9225,Europe,Jan-2019
Food and beverages,74.89,4,314.538,2019-03-01,14.978,Asia,Mar-2019
Food and beverages,40.94,5,214.935,2019-01-06,10.235,North America,Jan-2019
Sports and travel,75.82,1,79.611,2019-01-31,3.791,Europe,Jan-2019
Food and beverages,46.77,6,294.651,2019-03-11,14.031,Asia,Mar-2019
Health and beauty,32.32,10,339.36,2019-02-20,16.16,North America,Feb-2019
Fashion accessories,54.07,9,510.9615,2019-01-27,24.3315,Europe,Jan-2019
Food and beverages,18.22,7,133.917,2019-03-10,6.377,Asia,Mar-2019
Fashion accessories,80.48,3,253.512,2019-02-15,12.072,North America,Feb-2019
Fashion accessories,37.95,10,398.475,2019-01-26,18.975,Europe,Jan-2019
Electronic accessories,76.82,1,80.661,2019-02-13,3.841,Asia,Feb-2019
Sports and travel,52.26,10,548.73,2019-03-09,26.13,North America,Mar-2019
Health and beauty,79.74,1,83.727,2019-03-06,3.987,Europe,Mar-2019
Health and beauty,77.5,5,406.875,2019-01-24,19.375,Asia,Jan-2019
Food and beverages,54.27,5,284.9175,2019-03-13,13.5675,North America,Mar-2019
Home and lifestyle,13.59,9,128.4255,2019-03-15,6.1155,Europe,Mar-2019
Health and beauty,41.06,6,258.678,2019-03-05,12.318,Asia,Mar-2019
Electronic accessories,19.24,9,181.818,2019-03-04,8.658,North America,Mar-2019
Food and beverages,39.43,6,248.409,2019-03-25,11.829,Europe,Mar-2019
Home and lifestyle,46.22,4,194.124,2019-03-12,9.244,Asia,Mar-2019
Home and lifestyle,13.98,1,14.679,2019-02-04,0.699,North America,Feb-2019
Fashion accessories,39.75,5,208.6875,2019-02-22,9.9375,Europe,Feb-2019
Fashion accessories,97.79,7,718.7565,2019-02-16,34.2265,Asia,Feb-2019
Sports and travel,67.26,4,282.492,2019-01-19,13.452,North America,Jan-2019
Food and beverages,13.79,5,72.3975,2019-01-11,3.4475,Europe,Jan-2019
Fashion accessories,68.71,4,288.582,2019-01-04,13.742,Asia,Jan-2019
Home and lifestyle,56.53,4,237.426,2019-03-04,11.306,North America,Mar-2019
Fashion accessories,23.82,5,125.055,2019-01-28,5.955,Europe,Jan-2019
Health and beauty,34.21,10,359.205,2019-01-02,17.105,Asia,Jan-2019
Sports and travel,21.87,2,45.927,2019-01-25,2.187,North America,Jan-2019
Health and beauty,20.97,5,110.0925,2019-01-04,5.2425,Europe,Jan-2019
Sports and travel,25.84,3,81.396,2019-03-10,3.876,Asia,Mar-2019
Home and lifestyle,50.93,8,427.812,2019-03-22,20.372,North America,Mar-2019
Health and beauty,96.11,1,100.9155,2019-01-25,4.8055,Europe,Jan-2019
Home and lifestyle,45.38,4,190.596,2019-01-08,9.076,Asia,Jan-2019
Health and beauty,81.51,1,85.5855,2019-01-22,4.0755,North America,Jan-2019
Health and beauty,57.22,2,120.162,2019-01-12,5.722,Europe,Jan-2019
Electronic accessories,25.22,7,185.367,2019-02-04,8.827,Asia,Feb-2019
Food and beverages,38.6,3,121.59,2019-03-28,5.79,North America,Mar-2019
Electronic accessories,84.05,3,264.7575,2019-01-23,12.6075,Europe,Jan-2019
Fashion accessories,97.21,10,1020.705,2019-02-08,48.605,Asia,Feb-2019
Fashion accessories,25.42,8,213.528,2019-03-19,10.168,North America,Mar-2019
Fashion accessories,16.28,1,17.094,2019-03-09,0.814,Europe,Mar-2019
Fashion accessories,40.61,9,383.7645,2019-01-02,18.2745,Asia,Jan-2019
Health and beauty,53.17,7,390.7995,2019-01-21,18.6095,North America,Jan-2019
Food and beverages,20.87,3,65.7405,2019-03-20,3.1305,Europe,Mar-2019
Sports and travel,67.27,5,353.1675,2019-02-27,16.8175,Asia,Feb-2019
Home and lifestyle,90.65,10,951.825,2019-03-08,45.325,North America,Mar-2019
Fashion accessories,69.08,2,145.068,2019-01-31,6.908,Europe,Jan-2019
Food and beverages,43.27,2,90.867,2019-03-08,4.327,Asia,Mar-2019
Electronic accessories,23.46,6,147.798,2019-01-13,7.038,North America,Jan-2019
Fashion accessories,95.54,7,702.219,2019-03-09,33.439,Europe,Mar-2019
Fashion accessories,47.44,1,49.812,2019-02-22,2.372,Asia,Feb-2019
Sports and travel,99.24,9,937.818,2019-03-19,44.658,North America,Mar-2019
Sports and travel,82.93,4,348.306,2019-01-20,16.586,Europe,Jan-2019
Home and lifestyle,33.99,6,214.137,2019-03-08,10.197,Asia,Mar-2019
Food and beverages,17.04,4,71.568,2019-03-08,3.408,North America,Mar-2019
Electronic accessories,40.86,8,343.224,2019-02-07,16.344,Europe,Feb-2019
Food and beverages,17.44,5,91.56,2019-01-15,4.36,Asia,Jan-2019
Sports and travel,88.43,8,742.812,2019-03-22,35.372,North America,Mar-2019
Home and lifestyle,89.21,9,843.0345,2019-01-15,40.1445,Europe,Jan-2019
Fashion accessories,12.78,1,13.419,2019-01-08,0.639,Asia,Jan-2019
Sports and travel,19.1,7,140.385,2019-01-15,6.685,North America,Jan-2019
Health and beauty,19.15,1,20.1075,2019-01-28,0.9575,Europe,Jan-2019
Food and beverages,27.66,10,290.43,2019-02-14,13.83,Asia,Feb-2019
Fashion accessories,45.74,3,144.081,2019-03-10,6.861,North America,Mar-2019
Health and beauty,27.07,1,28.4235,2019-01-12,1.3535,Europe,Jan-2019
Sports and travel,39.12,1,41.076,2019-03-26,1.956,Asia,Mar-2019
Electronic accessories,74.71,6,470.673,2019-01-01,22.413,North America,Jan-2019
Electronic accessories,22.01,6,138.663,2019-01-02,6.603,Europe,Jan-2019
Food and beverages,63.61,5,333.9525,2019-03-16,15.9025,Asia,Mar-2019
Health and beauty,25.0,1,26.25,2019-03-03,1.25,North America,Mar-2019
Electronic accessories,20.77,4,87.234,2019-01-31,4.154,Europe,Jan-2019
Fashion accessories,29.56,5,155.19,2019-02-13,7.39,Asia,Feb-2019
Food and beverages,77.4,9,731.43,2019-02-15,34.83,North America,Feb-2019
Electronic accessories,79.39,10,833.595,2019-02-07,39.695,Europe,Feb-2019
Electronic accessories,46.57,10,488.985,2019-01-27,23.285,Asia,Jan-2019
Food and beverages,35.89,1,37.6845,2019-02-23,1.7945,North America,Feb-2019
Food and beverages,40.52,5,212.73,2019-02-03,10.13,Europe,Feb-2019
Food and beverages,73.05,10,767.025,2019-03-03,36.525,Asia,Mar-2019
Sports and travel,73.95,4,310.59,2019-02-03,14.79,North America,Feb-2019
Food and beverages,22.62,1,23.751,2019-03-17,1.131,Europe,Mar-2019
Food and beverages,51.34,5,269.535,2019-03-28,12.835,Asia,Mar-2019
Sports and travel,54.55,10,572.775,2019-03-02,27.275,North America,Mar-2019
Health and beauty,37.15,7,273.0525,2019-02-08,13.0025,Europe,Feb-2019
Sports and travel,37.02,6,233.226,2019-03-22,11.106,Asia,Mar-2019
Food and beverages,21.58,1,22.659,2019-02-09,1.079,North America,Feb-2019
Electronic accessories,98.84,1,103.782,2019-02-15,4.942,Europe,Feb-2019
Home and lifestyle,83.77,6,527.751,2019-01-23,25.131,Asia,Jan-2019
Sports and travel,40.05,4,168.21,2019-01-25,8.01,North America,Jan-2019
Fashion accessories,43.13,10,452.865,2019-02-02,21.565,Europe,Feb-2019
Health and beauty,72.57,8,609.588,2019-03-30,29.028,Asia,Mar-2019
Electronic accessories,64.44,5,338.31,2019-03-30,16.11,North America,Mar-2019
Health and beauty,65.18,3,205.317,2019-02-25,9.777,Europe,Feb-2019
Sports and travel,33.26,5,174.615,2019-03-18,8.315,Asia,Mar-2019
Electronic accessories,84.07,4,353.094,2019-03-07,16.814,North America,Mar-2019
Sports and travel,34.37,10,360.885,2019-03-16,17.185,Europe,Mar-2019
Electronic accessories,38.6,1,40.53,2019-01-29,1.93,Asia,Jan-2019
Food and beverages,65.97,8,554.148,2019-02-02,26.388,North America,Feb-2019
Electronic accessories,32.8,10,344.4,2019-02-15,16.4,Europe,Feb-2019
Sports and travel,37.14,5,194.985,2019-01-08,9.285,Asia,Jan-2019
Home and lifestyle,60.38,10,633.99,2019-02-12,30.19,North America,Feb-2019
Sports and travel,36.98,10,388.29,2019-01-01,18.49,Europe,Jan-2019
Sports and travel,49.49,4,207.858,2019-03-21,9.898,Asia,Mar-2019
Fashion accessories,41.09,10,431.445,2019-02-28,20.545,North America,Feb-2019
Fashion accessories,37.15,4,156.03,2019-03-23,7.43,Europe,Mar-2019
Home and lifestyle,22.96,1,24.108,2019-01-30,1.148,Asia,Jan-2019
Home and lifestyle,77.68,9,734.076,2019-02-04,34.956,North America,Feb-2019
Fashion accessories,34.7,2,72.87,2019-03-13,3.47,Europe,Mar-2019
Fashion accessories,19.66,10,206.43,2019-03-15,9.83,Asia,Mar-2019
Health and beauty,25.32,8,212.688,2019-03-05,10.128,North America,Mar-2019
Home and lifestyle,12.12,10,127.26,2019-03-05,6.06,Europe,Mar-2019
Fashion accessories,99.89,2,209.769,2019-02-26,9.989,Asia,Feb-2019
Sports and travel,75.92,8,637.728,2019-03-20,30.368,North America,Mar-2019
Electronic accessories,63.22,2,132.762,2019-01-01,6.322,Europe,Jan-2019
Food and beverages,90.24,6,568.512,2019-01-27,27.072,Asia,Jan-2019
Sports and travel,98.13,1,103.0365,2019-01-21,4.9065,North America,Jan-2019
Sports and travel,51.52,8,432.768,2019-02-02,20.608,Europe,Feb-2019
Sports and travel,73.97,1,77.6685,2019-02-03,3.6985,Asia,Feb-2019
Fashion accessories,31.9,1,33.495,2019-01-05,1.595,North America,Jan-2019
Home and lifestyle,69.4,2,145.74,2019-01-27,6.94,Europe,Jan-2019
Sports and travel,93.31,2,195.951,2019-03-25,9.331,Asia,Mar-2019
Sports and travel,88.45,1,92.8725,2019-02-25,4.4225,North America,Feb-2019
Electronic accessories,24.18,8,203.112,2019-01-28,9.672,Europe,Jan-2019
Sports and travel,48.5,3,152.775,2019-01-08,7.275,Asia,Jan-2019
Food and beverages,84.05,6,529.515,2019-01-29,25.215,North America,Jan-2019
Health and beauty,61.29,5,321.7725,2019-03-29,15.3225,Europe,Mar-2019
Home and lifestyle,15.95,6,100.485,2019-02-09,4.785,Asia,Feb-2019
Sports and travel,90.74,7,666.939,2019-01-16,31.759,North America,Jan-2019
Home and lifestyle,42.91,5,225.2775,2019-01-05,10.7275,Europe,Jan-2019
Fashion accessories,54.28,7,398.958,2019-01-27,18.998,Asia,Jan-2019
Electronic accessories,99.55,7,731.6925,2019-03-14,34.8425,North America,Mar-2019
Sports and travel,58.39,7,429.1665,2019-02-23,20.4365,Europe,Feb-2019
Fashion accessories,51.47,1,54.0435,2019-03-18,2.5735,Asia,Mar-2019
Health and beauty,54.86,5,288.015,2019-03-29,13.715,North America,Mar-2019
Home and lifestyle,39.39,5,206.7975,2019-01-22,9.8475,Europe,Jan-2019
Home and lifestyle,34.73,2,72.933,2019-03-01,3.473,Asia,Mar-2019
Sports and travel,71.92,5,377.58,2019-01-17,17.98,North America,Jan-2019
Electronic accessories,45.71,3,143.9865,2019-03-26,6.8565,Europe,Mar-2019
Home and lifestyle,83.17,6,523.971,2019-03-20,24.951,Asia,Mar-2019
Home and lifestyle,37.44,6,235.872,2019-02-06,11.232,North America,Feb-2019
Health and beauty,62.87,2,132.027,2019-01-01,6.287,Europe,Jan-2019
Food and beverages,81.71,6,514.773,2019-01-27,24.513,Asia,Jan-2019
Sports and travel,91.41,5,479.9025,2019-02-25,22.8525,North America,Feb-2019
Fashion accessories,39.21,4,164.682,2019-01-16,7.842,Europe,Jan-2019
Fashion accessories,59.86,2,125.706,2019-01-13,5.986,Asia,Jan-2019
Food and beverages,54.36,10,570.78,2019-02-07,27.18,North America,Feb-2019
Sports and travel,98.09,9,926.9505,2019-02-17,44.1405,Europe,Feb-2019
Health and beauty,25.43,6,160.209,2019-02-12,7.629,Asia,Feb-2019
Fashion accessories,86.68,8,728.112,2019-01-24,34.672,North America,Jan-2019
Electronic accessories,22.95,10,240.975,2019-02-06,11.475,Europe,Feb-2019
Food and beverages,16.31,9,154.1295,2019-03-26,7.3395,Asia,Mar-2019
Home and lifestyle,28.32,5,148.68,2019-03-11,7.08,North America,Mar-2019
Home and lifestyle,16.67,7,122.5245,2019-02-07,5.8345,Europe,Feb-2019
Fashion accessories,73.96,1,77.658,2019-01-05,3.698,Asia,Jan-2019
Home and lifestyle,97.94,1,102.837,2019-03-07,4.897,North America,Mar-2019
Fashion accessories,73.05,4,306.81,2019-02-25,14.61,Europe,Feb-2019
Food and beverages,87.48,6,551.124,2019-02-01,26.244,Asia,Feb-2019
Home and lifestyle,30.68,3,96.642,2019-01-22,4.602,North America,Jan-2019
Health and beauty,75.88,1,79.674,2019-01-03,3.794,Europe,Jan-2019
Sports and travel,20.18,4,84.756,2019-02-13,4.036,Asia,Feb-2019
Electronic accessories,18.77,6,118.251,2019-01-28,5.631,North America,Jan-2019
Food and beverages,71.2,1,74.76,2019-01-05,3.56,Europe,Jan-2019
Home and lifestyle,38.81,4,163.002,2019-03-19,7.762,Asia,Mar-2019
Fashion accessories,29.42,10,308.91,2019-01-12,14.71,North America,Jan-2019
Sports and travel,60.95,9,575.9775,2019-01-07,27.4275,Europe,Jan-2019
Sports and travel,51.54,5,270.585,2019-01-26,12.885,Asia,Jan-2019
Electronic accessories,66.06,6,416.178,2019-01-23,19.818,North America,Jan-2019
Fashion accessories,57.27,3,180.4005,2019-02-09,8.5905,Europe,Feb-2019
Fashion accessories,54.31,9,513.2295,2019-02-22,24.4395,Asia,Feb-2019
Health and beauty,58.24,9,550.368,2019-02-05,26.208,North America,Feb-2019
Electronic accessories,22.21,6,139.923,2019-03-07,6.663,Europe,Mar-2019
Electronic accessories,19.32,7,142.002,2019-03-25,6.762,Asia,Mar-2019
Home and lifestyle,37.48,3,118.062,2019-01-20,5.622,North America,Jan-2019
Fashion accessories,72.04,2,151.284,2019-02-04,7.204,Europe,Feb-2019
Food and beverages,98.52,10,1034.46,2019-01-30,49.26,Asia,Jan-2019
Food and beverages,41.66,6,262.458,2019-01-02,12.498,North America,Jan-2019
Home and lifestyle,72.42,3,228.123,2019-03-29,10.863,Europe,Mar-2019
Electronic accessories,21.58,9,203.931,2019-03-14,9.711,Asia,Mar-2019
Food and beverages,89.2,10,936.6,2019-02-11,44.6,North America,Feb-2019
Electronic accessories,42.42,8,356.328,2019-01-30,16.968,Europe,Jan-2019
Electronic accessories,74.51,6,469.413,2019-03-20,22.353,Asia,Mar-2019
Fashion accessories,99.25,2,208.425,2019-03-20,9.925,North America,Mar-2019
Food and beverages,81.21,10,852.705,2019-01-17,40.605,Europe,Jan-2019
Sports and travel,49.33,10,517.965,2019-02-03,24.665,Asia,Feb-2019
Fashion accessories,65.74,9,621.243,2019-01-01,29.583,North America,Jan-2019
Fashion accessories,79.86,7,586.971,2019-01-10,27.951,Europe,Jan-2019
Sports and travel,73.98,7,543.753,2019-03-02,25.893,Asia,Mar-2019
Home and lifestyle,82.04,5,430.71,2019-02-25,20.51,North America,Feb-2019
Sports and travel,26.67,10,280.035,2019-01-29,13.335,Europe,Jan-2019
Food and beverages,10.13,7,74.4555,2019-03-10,3.5455,Asia,Mar-2019
Food and beverages,72.39,2,152.019,2019-01-13,7.239,North America,Jan-2019
Sports and travel,85.91,5,451.0275,2019-03-22,21.4775,Europe,Mar-2019
Fashion accessories,81.31,7,597.6285,2019-03-01,28.4585,Asia,Mar-2019
Food and beverages,60.3,4,253.26,2019-02-20,12.06,North America,Feb-2019
Food and beverages,31.77,4,133.434,2019-01-14,6.354,Europe,Jan-2019
Health and beauty,64.27,4,269.934,2019-03-26,12.854,Asia,Mar-2019
Health and beauty,69.51,2,145.971,2019-03-01,6.951,North America,Mar-2019
Food and beverages,27.22,3,85.743,2019-01-07,4.083,Europe,Jan-2019
Health and beauty,77.68,4,326.256,2019-02-01,15.536,Asia,Feb-2019
Fashion accessories,92.98,2,195.258,2019-02-13,9.298,North America,Feb-2019
Fashion accessories,18.08,4,75.936,2019-01-14,3.616,Europe,Jan-2019
Sports and travel,63.06,3,198.639,2019-01-19,9.459,Asia,Jan-2019
Health and beauty,51.71,4,217.182,2019-03-09,10.342,North America,Mar-2019
Food and beverages,52.34,3,164.871,2019-03-27,7.851,Europe,Mar-2019
Sports and travel,43.06,5,226.065,2019-02-04,10.765,Asia,Feb-2019
Fashion accessories,59.61,10,625.905,2019-03-14,29.805,North America,Mar-2019
Health and beauty,14.62,5,76.755,2019-03-04,3.655,Europe,Mar-2019
Health and beauty,46.53,6,293.139,2019-03-03,13.959,Asia,Mar-2019
Home and lifestyle,24.24,7,178.164,2019-01-27,8.484,North America,Jan-2019
Sports and travel,45.58,1,47.859,2019-02-07,2.279,Europe,Feb-2019
Sports and travel,75.2,3,236.88,2019-02-05,11.28,Asia,Feb-2019
Sports and travel,96.8,3,304.92,2019-03-15,14.52,North America,Mar-2019
Health and beauty,14.82,3,46.683,2019-03-01,2.223,Europe,Mar-2019
Food and beverages,52.2,3,164.43,2019-02-15,7.83,Asia,Feb-2019
Sports and travel,46.66,9,440.937,2019-02-17,20.997,North America,Feb-2019
Fashion accessories,36.85,5,193.4625,2019-01-26,9.2125,Europe,Jan-2019
Home and lifestyle,70.32,2,147.672,2019-03-24,7.032,Asia,Mar-2019
Electronic accessories,83.08,1,87.234,2019-01-23,4.154,North America,Jan-2019
Fashion accessories,64.99,1,68.2395,2019-01-26,3.2495,Europe,Jan-2019
Food and beverages,77.56,10,814.38,2019-03-14,38.78,Asia,Mar-2019
Sports and travel,54.51,6,343.413,2019-03-17,16.353,North America,Mar-2019
Fashion accessories,51.89,7,381.3915,2019-01-08,18.1615,Europe,Jan-2019
Home and lifestyle,31.75,4,133.35,2019-02-08,6.35,Asia,Feb-2019
Fashion accessories,53.65,7,394.3275,2019-02-10,18.7775,North America,Feb-2019
Food and beverages,49.79,4,209.118,2019-03-28,9.958,Europe,Mar-2019
Fashion accessories,30.61,1,32.1405,2019-01-23,1.5305,Asia,Jan-2019
Food and beverages,57.89,2,121.569,2019-01-17,5.789,North America,Jan-2019
Electronic accessories,28.96,1,30.408,2019-02-07,1.448,Europe,Feb-2019
Food and beverages,98.97,9,935.2665,2019-03-09,44.5365,Asia,Mar-2019
Fashion accessories,93.22,3,293.643,2019-01-24,13.983,North America,Jan-2019
Sports and travel,80.93,1,84.9765,2019-01-19,4.0465,Europe,Jan-2019
Food and beverages,67.45,10,708.225,2019-02-03,33.725,Asia,Feb-2019
Sports and travel,38.72,9,365.904,2019-03-20,17.424,North America,Mar-2019
Sports and travel,72.6,6,457.38,2019-01-13,21.78,Europe,Jan-2019
Electronic accessories,87.91,5,461.5275,2019-03-14,21.9775,Asia,Mar-2019
Food and beverages,98.53,6,620.739,2019-01-23,29.559,North America,Jan-2019
Fashion accessories,43.46,6,273.798,2019-02-07,13.038,Europe,Feb-2019
Food and beverages,71.68,3,225.792,2019-03-28,10.752,Asia,Mar-2019
Food and beverages,91.61,1,96.1905,2019-03-20,4.5805,North America,Mar-2019
Home and lifestyle,94.59,7,695.2365,2019-01-17,33.1065,Europe,Jan-2019
Fashion accessories,83.25,10,874.125,2019-01-12,41.625,Asia,Jan-2019
Fashion accessories,91.35,1,95.9175,2019-02-16,4.5675,North America,Feb-2019
Food and beverages,78.88,2,165.648,2019-01-26,7.888,Europe,Jan-2019
Sports and travel,60.87,2,127.827,2019-03-09,6.087,Asia,Mar-2019
Health and beauty,82.58,10,867.09,2019-03-14,41.29,North America,Mar-2019
Home and lifestyle,53.3,3,167.895,2019-01-25,7.995,Europe,Jan-2019
Fashion accessories,12.09,1,12.6945,2019-01-26,0.6045,Asia,Jan-2019
Sports and travel,64.19,10,673.995,2019-01-19,32.095,North America,Jan-2019
Electronic accessories,78.31,3,246.6765,2019-03-05,11.7465,Europe,Mar-2019
Food and beverages,83.77,2,175.917,2019-01-15,8.377,Asia,Jan-2019
Home and lifestyle,99.7,3,314.055,2019-03-18,14.955,North America,Mar-2019
Food and beverages,79.91,3,251.7165,2019-03-20,11.9865,Europe,Mar-2019
Health and beauty,66.47,10,697.935,2019-01-15,33.235,Asia,Jan-2019
Health and beauty,28.95,7,212.7825,2019-03-03,10.1325,North America,Mar-2019
Electronic accessories,46.2,1,48.51,2019-03-19,2.31,Europe,Mar-2019
Food and beverages,17.63,5,92.5575,2019-03-08,4.4075,Asia,Mar-2019
Fashion accessories,52.42,3,165.123,2019-02-27,7.863,North America,Feb-2019
Food and beverages,98.79,3,311.1885,2019-02-23,14.8185,Europe,Feb-2019
Electronic accessories,88.55,8,743.82,2019-03-19,35.42,Asia,Mar-2019
Electronic accessories,55.67,2,116.907,2019-03-27,5.567,North America,Mar-2019
Food and beverages,72.52,8,609.168,2019-03-30,29.008,Europe,Mar-2019
Electronic accessories,12.05,5,63.2625,2019-02-16,3.0125,Asia,Feb-2019
Home and lifestyle,19.36,9,182.952,2019-01-18,8.712,North America,Jan-2019
Health and beauty,70.21,6,442.323,2019-03-30,21.063,Europe,Mar-2019
Fashion accessories,33.63,1,35.3115,2019-03-20,1.6815,Asia,Mar-2019
Sports and travel,15.49,2,32.529,2019-01-16,1.549,North America,Jan-2019
Electronic accessories,24.74,10,259.77,2019-02-24,12.37,Europe,Feb-2019
Electronic accessories,75.66,5,397.215,2019-01-15,18.915,Asia,Jan-2019
Health and beauty,55.81,6,351.603,2019-01-22,16.743,North America,Jan-2019
Home and lifestyle,72.78,10,764.19,2019-02-03,36.39,Europe,Feb-2019
Sports and travel,37.32,9,352.674,2019-03-06,16.794,Asia,Mar-2019
Fashion accessories,60.18,4,252.756,2019-02-16,12.036,North America,Feb-2019
Electronic accessories,15.69,3,49.4235,2019-03-14,2.3535,Europe,Mar-2019
Electronic accessories,99.69,1,104.6745,2019-02-27,4.9845,Asia,Feb-2019
Fashion accessories,88.15,3,277.6725,2019-01-18,13.2225,North America,Jan-2019
Sports and travel,27.93,5,146.6325,2019-01-29,6.9825,Europe,Jan-2019
Fashion accessories,55.45,1,58.2225,2019-02-26,2.7725,Asia,Feb-2019
Sports and travel,42.97,3,135.3555,2019-02-03,6.4455,North America,Feb-2019
Sports and travel,17.14,7,125.979,2019-01-16,5.999,Europe,Jan-2019
Fashion accessories,58.75,6,370.125,2019-03-24,17.625,Asia,Mar-2019
Food and beverages,87.1,10,914.55,2019-02-12,43.55,North America,Feb-2019
Sports and travel,98.8,2,207.48,2019-02-21,9.88,Europe,Feb-2019
Fashion accessories,48.63,4,204.246,2019-02-04,9.726,Asia,Feb-2019
Food and beverages,57.74,3,181.881,2019-02-20,8.661,North America,Feb-2019
Health and beauty,17.97,4,75.474,2019-02-23,3.594,Europe,Feb-2019
Health and beauty,47.71,6,300.573,2019-02-16,14.313,Asia,Feb-2019
Sports and travel,40.62,2,85.302,2019-01-17,4.062,North America,Jan-2019
Fashion accessories,56.04,10,588.42,2019-01-14,28.02,Europe,Jan-2019
Food and beverages,93.4,2,196.14,2019-03-30,9.34,Asia,Mar-2019
Health and beauty,73.41,3,231.2415,2019-03-02,11.0115,North America,Mar-2019
Health and beauty,33.64,8,282.576,2019-02-15,13.456,Europe,Feb-2019
Electronic accessories,45.48,10,477.54,2019-03-01,22.74,Asia,Mar-2019
Fashion accessories,83.77,2,175.917,2019-02-24,8.377,North America,Feb-2019
Sports and travel,64.08,7,470.988,2019-02-19,22.428,Europe,Feb-2019
Food and beverages,73.47,4,308.574,2019-02-23,14.694,Asia,Feb-2019
Health and beauty,58.95,10,618.975,2019-02-07,29.475,North America,Feb-2019
Food and beverages,48.5,6,305.55,2019-01-11,14.55,Europe,Jan-2019
Electronic accessories,39.48,1,41.454,2019-02-12,1.974,Asia,Feb-2019
Sports and travel,34.81,1,36.5505,2019-01-14,1.7405,North America,Jan-2019
Fashion accessories,49.32,6,310.716,2019-01-09,14.796,Europe,Jan-2019
Fashion accessories,21.48,2,45.108,2019-02-27,2.148,Asia,Feb-2019
Sports and travel,23.08,6,145.404,2019-01-24,6.924,North America,Jan-2019
Home and lifestyle,49.1,2,103.11,2019-01-08,4.91,Europe,Jan-2019
Sports and travel,64.83,2,136.143,2019-01-08,6.483,Asia,Jan-2019
Home and lifestyle,63.56,10,667.38,2019-01-16,31.78,North America,Jan-2019
Sports and travel,72.88,2,153.048,2019-03-13,7.288,Europe,Mar-2019
Food and beverages,67.1,3,211.365,2019-02-15,10.065,Asia,Feb-2019
Sports and travel,70.19,9,663.2955,2019-01-25,31.5855,North America,Jan-2019
Food and beverages,55.04,7,404.544,2019-03-12,19.264,Europe,Mar-2019
Health and beauty,48.63,10,510.615,2019-03-04,24.315,Asia,Mar-2019
Fashion accessories,73.38,7,539.343,2019-02-10,25.683,North America,Feb-2019
Food and beverages,52.6,9,497.07,2019-01-16,23.67,Europe,Jan-2019
Home and lifestyle,87.37,5,458.6925,2019-01-29,21.8425,Asia,Jan-2019
Sports and travel,27.04,4,113.568,2019-01-01,5.408,North America,Jan-2019
Home and lifestyle,62.19,4,261.198,2019-01-06,12.438,Europe,Jan-2019
Electronic accessories,69.58,9,657.531,2019-02-19,31.311,Asia,Feb-2019
Home and lifestyle,97.5,10,1023.75,2019-01-12,48.75,North America,Jan-2019
Fashion accessories,60.41,8,507.444,2019-02-07,24.164,Europe,Feb-2019
Food and beverages,32.32,3,101.808,2019-03-27,4.848,Asia,Mar-2019
Fashion accessories,19.77,10,207.585,2019-02-27,9.885,North America,Feb-2019
Health and beauty,80.47,9,760.4415,2019-01-06,36.2115,Europe,Jan-2019
Home and lifestyle,88.39,9,835.2855,2019-03-02,39.7755,Asia,Mar-2019
Health and beauty,71.77,7,527.5095,2019-03-29,25.1195,North America,Mar-2019
Electronic accessories,43.0,4,180.6,2019-01-31,8.6,Europe,Jan-2019
Food and beverages,68.98,1,72.429,2019-01-21,3.449,Asia,Jan-2019
Fashion accessories,15.62,8,131.208,2019-01-20,6.248,North America,Jan-2019
Sports and travel,25.7,3,80.955,2019-01-17,3.855,Europe,Jan-2019
Food and beverages,80.62,6,507.906,2019-02-28,24.186,Asia,Feb-2019
Home and lifestyle,75.53,4,317.226,2019-03-19,15.106,North America,Mar-2019
Electronic accessories,77.63,9,733.6035,2019-02-19,34.9335,Europe,Feb-2019
Health and beauty,13.85,9,130.8825,2019-02-04,6.2325,Asia,Feb-2019
Fashion accessories,98.7,8,829.08,2019-01-31,39.48,North America,Jan-2019
Health and beauty,35.68,5,187.32,2019-02-06,8.92,Europe,Feb-2019
Fashion accessories,71.46,7,525.231,2019-03-28,25.011,Asia,Mar-2019
Electronic accessories,11.94,3,37.611,2019-01-19,1.791,North America,Jan-2019
Fashion accessories,45.38,3,142.947,2019-02-17,6.807,Europe,Feb-2019
Fashion accessories,17.48,6,110.124,2019-01-18,5.244,Asia,Jan-2019
Fashion accessories,25.56,7,187.866,2019-02-02,8.946,North America,Feb-2019
Sports and travel,90.63,9,856.4535,2019-01-18,40.7835,Europe,Jan-2019
Home and lifestyle,44.12,3,138.978,2019-03-18,6.618,Asia,Mar-2019
Food and beverages,36.77,7,270.2595,2019-01-11,12.8695,North America,Jan-2019
Food and beverages,23.34,4,98.028,2019-02-04,4.668,Europe,Feb-2019
Health and beauty,28.5,8,239.4,2019-02-06,11.4,Asia,Feb-2019
Home and lifestyle,55.57,3,175.0455,2019-01-08,8.3355,North America,Jan-2019
Sports and travel,69.74,10,732.27,2019-03-05,34.87,Europe,Mar-2019
Fashion accessories,97.26,4,408.492,2019-03-16,19.452,Asia,Mar-2019
Home and lifestyle,52.18,7,383.523,2019-03-09,18.263,North America,Mar-2019
Fashion accessories,22.32,4,93.744,2019-03-01,4.464,Europe,Mar-2019
Health and beauty,56.0,3,176.4,2019-02-28,8.4,Asia,Feb-2019
Fashion accessories,19.7,1,20.685,2019-02-08,0.985,North America,Feb-2019
Electronic accessories,75.88,7,557.718,2019-01-24,26.558,Europe,Jan-2019
Food and beverages,53.72,1,56.406,2019-03-01,2.686,Asia,Mar-2019
Health and beauty,81.95,10,860.475,2019-03-10,40.975,North America,Mar-2019
Home and lifestyle,81.2,7,596.82,2019-03-23,28.42,Europe,Mar-2019
Electronic accessories,58.76,10,616.98,2019-01-29,29.38,Asia,Jan-2019
Electronic accessories,91.56,8,769.104,2019-01-12,36.624,North America,Jan-2019
Home and lifestyle,93.96,9,887.922,2019-03-20,42.282,Europe,Mar-2019
Home and lifestyle,55.61,7,408.7335,2019-03-23,19.4635,Asia,Mar-2019
Food and beverages,84.83,1,89.0715,2019-01-14,4.2415,North America,Jan-2019
Sports and travel,71.63,2,150.423,2019-02-12,7.163,Europe,Feb-2019
Home and lifestyle,37.69,2,79.149,2019-02-20,3.769,Asia,Feb-2019
Sports and travel,31.67,8,266.028,2019-01-02,12.668,North America,Jan-2019
Food and beverages,38.42,1,40.341,2019-02-02,1.921,Europe,Feb-2019
Fashion accessories,65.23,10,684.915,2019-01-08,32.615,Asia,Jan-2019
Home and lifestyle,10.53,5,55.2825,2019-01-30,2.6325,North America,Jan-2019
Home and lifestyle,12.29,9,116.1405,2019-03-26,5.5305,Europe,Mar-2019
Health and beauty,81.23,7,597.0405,2019-01-15,28.4305,Asia,Jan-2019
Fashion accessories,22.32,4,93.744,2019-03-14,4.464,North America,Mar-2019
Food and beverages,27.28,5,143.22,2019-02-03,6.82,Europe,Feb-2019
Electronic accessories,17.42,10,182.91,2019-02-22,8.71,Asia,Feb-2019
Home and lifestyle,73.28,5,384.72,2019-01-24,18.32,North America,Jan-2019
Fashion accessories,84.87,3,267.3405,2019-01-25,12.7305,Europe,Jan-2019
Fashion accessories,97.29,8,817.236,2019-03-09,38.916,Asia,Mar-2019
Electronic accessories,35.74,8,300.216,2019-02-17,14.296,North America,Feb-2019
Home and lifestyle,96.52,6,608.076,2019-01-11,28.956,Europe,Jan-2019
Food and beverages,18.85,10,197.925,2019-02-27,9.425,Asia,Feb-2019
Food and beverages,55.39,4,232.638,2019-03-25,11.078,North America,Mar-2019
Food and beverages,77.2,10,810.6,2019-02-11,38.6,Europe,Feb-2019
Electronic accessories,72.13,10,757.365,2019-01-31,36.065,Asia,Jan-2019
Fashion accessories,63.88,8,536.592,2019-01-20,25.552,North America,Jan-2019
Health and beauty,10.69,5,56.1225,2019-03-26,2.6725,Europe,Mar-2019
Health and beauty,55.5,4,233.1,2019-01-20,11.1,Asia,Jan-2019
Home and lifestyle,95.46,8,801.864,2019-03-05,38.184,North America,Mar-2019
Fashion accessories,76.06,3,239.589,2019-01-05,11.409,Europe,Jan-2019
Sports and travel,13.69,6,86.247,2019-02-13,4.107,Asia,Feb-2019
Electronic accessories,95.64,4,401.688,2019-03-16,19.128,North America,Mar-2019
Home and lifestyle,11.43,6,72.009,2019-01-15,3.429,Europe,Jan-2019
Sports and travel,95.54,4,401.268,2019-02-26,19.108,Asia,Feb-2019
Health and beauty,85.87,7,631.1445,2019-02-27,30.0545,North America,Feb-2019
Sports and travel,67.99,7,499.7265,2019-02-17,23.7965,Europe,Feb-2019
Food and beverages,52.42,1,55.041,2019-02-06,2.621,Asia,Feb-2019
Food and beverages,65.65,2,137.865,2019-01-17,6.565,North America,Jan-2019
Food and beverages,28.86,5,151.515,2019-01-22,7.215,Europe,Jan-2019
Health and beauty,65.31,7,480.0285,2019-03-05,22.8585,Asia,Mar-2019
Sports and travel,93.38,1,98.049,2019-01-03,4.669,North America,Jan-2019
Sports and travel,25.25,5,132.5625,2019-03-20,6.3125,Europe,Mar-2019
Electronic accessories,87.87,9,830.3715,2019-01-31,39.5415,Asia,Jan-2019
Health and beauty,21.8,8,183.12,2019-02-19,8.72,North America,Feb-2019
Sports and travel,94.76,4,397.992,2019-02-11,18.952,Europe,Feb-2019
Fashion accessories,30.62,1,32.151,2019-02-05,1.531,Asia,Feb-2019
Home and lifestyle,44.01,8,369.684,2019-03-03,17.604,North America,Mar-2019
Health and beauty,10.16,5,53.34,2019-02-24,2.54,Europe,Feb-2019
Electronic accessories,74.58,7,548.163,2019-02-04,26.103,Asia,Feb-2019
Electronic accessories,71.89,8,603.876,2019-02-19,28.756,North America,Feb-2019
Health and beauty,10.99,5,57.6975,2019-01-23,2.7475,Europe,Jan-2019
Health and beauty,60.47,3,190.4805,2019-01-14,9.0705,Asia,Jan-2019
Sports and travel,58.91,7,432.9885,2019-01-17,20.6185,North America,Jan-2019
Fashion accessories,46.41,1,48.7305,2019-03-03,2.3205,Europe,Mar-2019
Health and beauty,68.55,4,287.91,2019-02-15,13.71,Asia,Feb-2019
Home and lifestyle,97.37,10,1022.385,2019-01-15,48.685,North America,Jan-2019
Electronic accessories,92.6,7,680.61,2019-02-27,32.41,Europe,Feb-2019
Electronic accessories,46.61,2,97.881,2019-02-26,4.661,Asia,Feb-2019
Fashion accessories,27.18,2,57.078,2019-03-15,2.718,North America,Mar-2019
Home and lifestyle,60.87,1,63.9135,2019-01-24,3.0435,Europe,Jan-2019
Sports and travel,24.49,10,257.145,2019-02-22,12.245,Asia,Feb-2019
Health and beauty,92.78,1,97.419,2019-03-15,4.639,North America,Mar-2019
Home and lifestyle,86.69,5,455.1225,2019-02-11,21.6725,Europe,Feb-2019
Sports and travel,23.01,6,144.963,2019-01-12,6.903,Asia,Jan-2019
Electronic accessories,30.2,8,253.68,2019-03-03,12.08,North America,Mar-2019
Fashion accessories,67.39,7,495.3165,2019-03-23,23.5865,Europe,Mar-2019
Fashion accessories,48.96,9,462.672,2019-03-04,22.032,Asia,Mar-2019
Electronic accessories,75.59,9,714.3255,2019-02-23,34.0155,North America,Feb-2019
Home and lifestyle,77.47,4,325.374,2019-03-17,15.494,Europe,Mar-2019
Sports and travel,93.18,2,195.678,2019-01-16,9.318,Asia,Jan-2019
Electronic accessories,50.23,4,210.966,2019-01-08,10.046,North America,Jan-2019
Health and beauty,17.75,1,18.6375,2019-01-14,0.8875,Europe,Jan-2019
Fashion accessories,62.18,10,652.89,2019-01-31,31.09,Asia,Jan-2019
Health and beauty,10.75,8,90.3,2019-03-15,4.3,North America,Mar-2019
Electronic accessories,40.26,10,422.73,2019-02-24,20.13,Europe,Feb-2019
Sports and travel,64.97,5,341.0925,2019-02-08,16.2425,Asia,Feb-2019
Electronic accessories,95.15,1,99.9075,2019-03-22,4.7575,North America,Mar-2019
Electronic accessories,48.62,8,408.408,2019-01-24,19.448,Europe,Jan-2019
Food and beverages,53.21,8,446.964,2019-03-14,21.284,Asia,Mar-2019
Fashion accessories,45.44,7,333.984,2019-01-23,15.904,North America,Jan-2019
Food and beverages,33.88,8,284.592,2019-01-19,13.552,Europe,Jan-2019
Health and beauty,96.16,4,403.872,2019-01-27,19.232,Asia,Jan-2019
Food and beverages,47.16,5,247.59,2019-02-03,11.79,North America,Feb-2019
Electronic accessories,52.89,4,222.138,2019-03-25,10.578,Europe,Mar-2019
Home and lifestyle,47.68,2,100.128,2019-02-24,4.768,Asia,Feb-2019
Sports and travel,10.17,1,10.6785,2019-02-07,0.5085,North America,Feb-2019
Health and beauty,68.71,3,216.4365,2019-03-04,10.3065,Europe,Mar-2019
Sports and travel,60.08,7,441.588,2019-02-14,21.028,Asia,Feb-2019
Sports and travel,22.01,4,92.442,2019-01-29,4.402,North America,Jan-2019
Health and beauty,72.11,9,681.4395,2019-01-28,32.4495,Europe,Jan-2019
Fashion accessories,41.28,3,130.032,2019-03-26,6.192,Asia,Mar-2019
Electronic accessories,64.95,10,681.975,2019-03-24,32.475,North America,Mar-2019
Electronic accessories,74.22,10,779.31,2019-01-01,37.11,Europe,Jan-2019
Electronic accessories,10.56,8,88.704,2019-01-24,4.224,Asia,Jan-2019
Health and beauty,62.57,4,262.794,2019-02-25,12.514,North America,Feb-2019
Sports and travel,11.85,8,99.54,2019-01-09,4.74,Europe,Jan-2019
Health and beauty,91.3,1,95.865,2019-02-14,4.565,Asia,Feb-2019
Home and lifestyle,40.73,7,299.3655,2019-03-12,14.2555,North America,Mar-2019
Fashion accessories,52.38,1,54.999,2019-03-26,2.619,Europe,Mar-2019
Fashion accessories,38.54,5,202.335,2019-01-09,9.635,Asia,Jan-2019
Sports and travel,44.63,6,281.169,2019-01-02,13.389,North America,Jan-2019
Electronic accessories,55.87,10,586.635,2019-01-15,27.935,Europe,Jan-2019
Sports and travel,29.22,6,184.086,2019-01-01,8.766,Asia,Jan-2019
Fashion accessories,51.94,3,163.611,2019-02-15,7.791,North America,Feb-2019
Electronic accessories,60.3,1,63.315,2019-02-28,3.015,Europe,Feb-2019
Sports and travel,39.47,2,82.887,2019-03-02,3.947,Asia,Mar-2019
Food and beverages,14.87,2,31.227,2019-02-13,1.487,North America,Feb-2019
Fashion accessories,21.32,1,22.386,2019-01-26,1.066,Europe,Jan-2019
Electronic accessories,93.78,3,295.407,2019-01-30,14.067,Asia,Jan-2019
Electronic accessories,73.26,1,76.923,2019-01-27,3.663,North America,Jan-2019
Sports and travel,22.38,1,23.499,2019-01-30,1.119,Europe,Jan-2019
Food and beverages,72.88,9,688.716,2019-01-08,32.796,Asia,Jan-2019
Fashion accessories,99.1,6,624.33,2019-01-19,29.73,North America,Jan-2019
Fashion accessories,74.1,1,77.805,2019-01-25,3.705,Europe,Jan-2019
Fashion accessories,98.48,2,206.808,2019-02-19,9.848,Asia,Feb-2019
Health and beauty,53.19,7,390.9465,2019-01-14,18.6165,North America,Jan-2019
Electronic accessories,52.79,10,554.295,2019-02-25,26.395,Europe,Feb-2019
Health and beauty,95.95,5,503.7375,2019-01-23,23.9875,Asia,Jan-2019
Fashion accessories,36.51,9,345.0195,2019-02-16,16.4295,North America,Feb-2019
Food and beverages,21.12,8,177.408,2019-01-01,8.448,Europe,Jan-2019
Home and lifestyle,28.31,4,118.902,2019-03-07,5.662,Asia,Mar-2019
Health and beauty,57.59,6,362.817,2019-02-15,17.277,North America,Feb-2019
Food and beverages,47.63,9,450.1035,2019-01-23,21.4335,Europe,Jan-2019
Home and lifestyle,86.27,1,90.5835,2019-02-20,4.3135,Asia,Feb-2019
Sports and travel,12.76,2,26.796,2019-01-08,1.276,North America,Jan-2019
Home and lifestyle,11.28,9,106.596,2019-03-17,5.076,Europe,Mar-2019
Home and lifestyle,51.07,7,375.3645,2019-01-12,17.8745,Asia,Jan-2019
Electronic accessories,79.59,3,250.7085,2019-01-08,11.9385,North America,Jan-2019
Health and beauty,33.81,3,106.5015,2019-01-26,5.0715,Europe,Jan-2019
Sports and travel,90.53,8,760.452,2019-03-15,36.212,Asia,Mar-2019
Health and beauty,62.82,2,131.922,2019-01-17,6.282,North America,Jan-2019
Food and beverages,24.31,3,76.5765,2019-01-08,3.6465,Europe,Jan-2019
Sports and travel,64.59,4,271.278,2019-01-06,12.918,Asia,Jan-2019
Food and beverages,24.82,7,182.427,2019-02-16,8.687,North America,Feb-2019
Fashion accessories,56.5,1,59.325,2019-03-13,2.825,Europe,Mar-2019
Electronic accessories,21.43,10,225.015,2019-01-28,10.715,Asia,Jan-2019
Sports and travel,89.06,6,561.078,2019-01-18,26.718,North America,Jan-2019
Home and lifestyle,23.29,4,97.818,2019-03-19,4.658,Europe,Mar-2019
Home and lifestyle,65.26,8,548.184,2019-03-15,26.104,Asia,Mar-2019
Fashion accessories,52.35,1,54.9675,2019-02-12,2.6175,North America,Feb-2019
Electronic accessories,39.75,1,41.7375,2019-02-25,1.9875,Europe,Feb-2019
Electronic accessories,90.02,8,756.168,2019-03-21,36.008,Asia,Mar-2019
Electronic accessories,12.1,8,101.64,2019-01-19,4.84,North America,Jan-2019
Food and beverages,33.21,10,348.705,2019-01-08,16.605,Europe,Jan-2019
Fashion accessories,10.18,8,85.512,2019-03-30,4.072,Asia,Mar-2019
Sports and travel,31.99,10,335.895,2019-02-20,15.995,North America,Feb-2019
Home and lifestyle,34.42,6,216.846,2019-03-30,10.326,Europe,Mar-2019
Food and beverages,83.34,2,175.014,2019-03-19,8.334,Asia,Mar-2019
Sports and travel,45.58,7,335.013,2019-01-13,15.953,North America,Jan-2019
Food and beverages,87.9,1,92.295,2019-02-05,4.395,Europe,Feb-2019
Electronic accessories,73.47,10,771.435,2019-03-23,36.735,Asia,Mar-2019
Fashion accessories,12.19,8,102.396,2019-03-13,4.876,North America,Mar-2019
Sports and travel,76.92,10,807.66,2019-03-17,38.46,Europe,Mar-2019
Health and beauty,83.66,5,439.215,2019-02-21,20.915,Asia,Feb-2019
Electronic accessories,57.91,8,486.444,2019-02-07,23.164,North America,Feb-2019
Fashion accessories,92.49,5,485.5725,2019-03-02,23.1225,Europe,Mar-2019
Electronic accessories,28.38,5,148.995,2019-03-06,7.095,Asia,Mar-2019
Electronic accessories,50.45,6,317.835,2019-02-06,15.135,North America,Feb-2019
Health and beauty,99.16,8,832.944,2019-01-28,39.664,Europe,Jan-2019
Fashion accessories,60.74,7,446.439,2019-01-18,21.259,Asia,Jan-2019
Food and beverages,47.27,6,297.801,2019-02-05,14.181,North America,Feb-2019
Health and beauty,85.6,7,629.16,2019-03-02,29.96,Europe,Mar-2019
Food and beverages,35.04,9,331.128,2019-02-09,15.768,Asia,Feb-2019
Electronic accessories,44.84,9,423.738,2019-01-14,20.178,North America,Jan-2019
Home and lifestyle,45.97,4,193.074,2019-02-09,9.194,Europe,Feb-2019
Health and beauty,27.73,5,145.5825,2019-03-26,6.9325,Asia,Mar-2019
Food and beverages,11.53,7,84.7455,2019-01-28,4.0355,North America,Jan-2019
Health and beauty,58.32,2,122.472,2019-02-14,5.832,Europe,Feb-2019
Home and lifestyle,78.38,4,329.196,2019-03-24,15.676,Asia,Mar-2019
Health and beauty,84.61,10,888.405,2019-02-09,42.305,North America,Feb-2019
Health and beauty,82.88,5,435.12,2019-03-24,20.72,Europe,Mar-2019
Food and beverages,79.54,2,167.034,2019-03-27,7.954,Asia,Mar-2019
Home and lifestyle,49.01,10,514.605,2019-01-27,24.505,North America,Jan-2019
Food and beverages,29.15,3,91.8225,2019-03-27,4.3725,Europe,Mar-2019
Electronic accessories,56.13,4,235.746,2019-01-19,11.226,Asia,Jan-2019
Home and lifestyle,93.12,8,782.208,2019-02-07,37.248,North America,Feb-2019
Fashion accessories,51.34,8,431.256,2019-01-31,20.536,Europe,Jan-2019
Food and beverages,99.6,3,313.74,2019-02-25,14.94,Asia,Feb-2019
Electronic accessories,35.49,6,223.587,2019-02-02,10.647,North America,Feb-2019
Sports and travel,42.85,1,44.9925,2019-03-14,2.1425,Europe,Mar-2019
Fashion accessories,94.67,4,397.614,2019-03-11,18.934,Asia,Mar-2019
Home and lifestyle,68.97,3,217.2555,2019-02-22,10.3455,North America,Feb-2019
Electronic accessories,26.26,3,82.719,2019-03-02,3.939,Europe,Mar-2019
Home and lifestyle,35.79,9,338.2155,2019-03-10,16.1055,Asia,Mar-2019
Home and lifestyle,16.37,6,103.131,2019-02-08,4.911,North America,Feb-2019
Home and lifestyle,12.73,2,26.733,2019-02-22,1.273,Europe,Feb-2019
Sports and travel,83.14,7,611.079,2019-01-10,29.099,Asia,Jan-2019
Sports and travel,35.22,6,221.886,2019-03-14,10.566,North America,Mar-2019
Electronic accessories,13.78,4,57.876,2019-01-10,2.756,Europe,Jan-2019
Sports and travel,88.31,1,92.7255,2019-02-15,4.4155,Asia,Feb-2019
Health and beauty,39.62,9,374.409,2019-01-13,17.829,North America,Jan-2019
Electronic accessories,88.25,9,833.9625,2019-02-15,39.7125,Europe,Feb-2019
Sports and travel,25.31,2,53.151,2019-03-02,2.531,Asia,Mar-2019
Home and lifestyle,99.92,6,629.496,2019-03-24,29.976,North America,Mar-2019
Fashion accessories,83.35,2,175.035,2019-02-02,8.335,Europe,Feb-2019
Food and beverages,74.44,10,781.62,2019-02-27,37.22,Asia,Feb-2019
Health and beauty,64.08,7,470.988,2019-01-20,22.428,North America,Jan-2019
Home and lifestyle,63.15,6,397.845,2019-01-03,18.945,Europe,Jan-2019
Home and lifestyle,85.72,3,270.018,2019-01-24,12.858,Asia,Jan-2019
Health and beauty,78.89,7,579.8415,2019-01-05,27.6115,North America,Jan-2019
Sports and travel,89.48,5,469.77,2019-03-30,22.37,Europe,Mar-2019
Health and beauty,92.09,3,290.0835,2019-02-17,13.8135,Asia,Feb-2019
Food and beverages,57.29,6,360.927,2019-03-21,17.187,North America,Mar-2019
Food and beverages,66.52,4,279.384,2019-03-02,13.304,Europe,Mar-2019
Fashion accessories,99.82,9,943.299,2019-03-27,44.919,Asia,Mar-2019
Home and lifestyle,45.68,10,479.64,2019-01-19,22.84,North America,Jan-2019
Health and beauty,50.79,5,266.6475,2019-02-19,12.6975,Europe,Feb-2019
Health and beauty,10.08,7,74.088,2019-03-28,3.528,Asia,Mar-2019
Electronic accessories,93.88,7,690.018,2019-01-05,32.858,North America,Jan-2019
Electronic accessories,84.25,2,176.925,2019-03-26,8.425,Europe,Mar-2019
Fashion accessories,53.78,1,56.469,2019-02-03,2.689,Asia,Feb-2019
Home and lifestyle,35.81,5,188.0025,2019-02-06,8.9525,North America,Feb-2019
Food and beverages,26.43,8,222.012,2019-02-24,10.572,Europe,Feb-2019
Health and beauty,39.91,3,125.7165,2019-02-21,5.9865,Asia,Feb-2019
Home and lifestyle,21.9,3,68.985,2019-01-09,3.285,North America,Jan-2019
Food and beverages,62.85,4,263.97,2019-02-25,12.57,Europe,Feb-2019
Food and beverages,21.04,4,88.368,2019-01-13,4.208,Asia,Jan-2019
Home and lifestyle,65.91,6,415.233,2019-02-09,19.773,North America,Feb-2019
Fashion accessories,42.57,7,312.8895,2019-01-06,14.8995,Europe,Jan-2019
Food and beverages,50.49,9,477.1305,2019-01-10,22.7205,Asia,Jan-2019
Electronic accessories,46.02,6,289.926,2019-02-07,13.806,North America,Feb-2019
Home and lifestyle,15.8,10,165.9,2019-01-09,7.9,Europe,Jan-2019
Food and beverages,98.66,9,932.337,2019-02-19,44.397,Asia,Feb-2019
Fashion accessories,91.98,1,96.579,2019-03-18,4.599,North America,Mar-2019
Electronic accessories,20.89,2,43.869,2019-02-05,2.089,Europe,Feb-2019
Fashion accessories,15.5,1,16.275,2019-03-19,0.775,Asia,Mar-2019
Electronic accessories,96.82,3,304.983,2019-03-30,14.523,North America,Mar-2019
Food and beverages,33.33,2,69.993,2019-01-26,3.333,Europe,Jan-2019
Electronic accessories,38.27,2,80.367,2019-03-02,3.827,Asia,Mar-2019
Home and lifestyle,33.3,9,314.685,2019-03-04,14.985,North America,Mar-2019
Home and lifestyle,81.01,3,255.1815,2019-01-13,12.1515,Europe,Jan-2019
Health and beauty,15.8,3,49.77,2019-03-25,2.37,Asia,Mar-2019
Electronic accessories,34.49,5,181.0725,2019-03-11,8.6225,North America,Mar-2019
Food and beverages,84.63,10,888.615,2019-01-01,42.315,Europe,Jan-2019
Home and lifestyle,36.91,7,271.2885,2019-02-10,12.9185,Asia,Feb-2019
Electronic accessories,87.08,7,640.038,2019-01-26,30.478,North America,Jan-2019
Home and lifestyle,80.08,3,252.252,2019-02-11,12.012,Europe,Feb-2019
Fashion accessories,86.13,2,180.873,2019-02-07,8.613,Asia,Feb-2019
Fashion accessories,49.92,2,104.832,2019-03-06,4.992,North America,Mar-2019
Food and beverages,74.66,4,313.572,2019-03-04,14.932,Europe,Mar-2019
Food and beverages,26.6,6,167.58,2019-02-26,7.98,Asia,Feb-2019
Electronic accessories,25.45,1,26.7225,2019-03-10,1.2725,North America,Mar-2019
Food and beverages,67.77,1,71.1585,2019-02-04,3.3885,Europe,Feb-2019
Food and beverages,59.59,4,250.278,2019-01-19,11.918,Asia,Jan-2019
Health and beauty,58.15,4,244.23,2019-01-23,11.63,North America,Jan-2019
Sports and travel,97.48,9,921.186,2019-03-14,43.866,Europe,Mar-2019
Health and beauty,99.96,7,734.706,2019-01-23,34.986,Asia,Jan-2019
Electronic accessories,96.37,7,708.3195,2019-01-09,33.7295,North America,Jan-2019
Fashion accessories,63.71,5,334.4775,2019-02-07,15.9275,Europe,Feb-2019
Health and beauty,14.76,2,30.996,2019-02-18,1.476,Asia,Feb-2019
Health and beauty,62.0,8,520.8,2019-01-03,24.8,North America,Jan-2019
Electronic accessories,82.34,10,864.57,2019-03-29,41.17,Europe,Mar-2019
Health and beauty,75.37,8,633.108,2019-01-28,30.148,Asia,Jan-2019
Food and beverages,56.56,5,296.94,2019-03-22,14.14,North America,Mar-2019
Sports and travel,76.6,10,804.3,2019-01-24,38.3,Europe,Jan-2019
Electronic accessories,58.03,2,121.863,2019-03-10,5.803,Asia,Mar-2019
Fashion accessories,17.49,10,183.645,2019-02-22,8.745,North America,Feb-2019
Electronic accessories,60.95,1,63.9975,2019-02-18,3.0475,Europe,Feb-2019
Health and beauty,40.35,1,42.3675,2019-01-29,2.0175,Asia,Jan-2019
Home and lifestyle,97.38,10,1022.49,2019-03-02,48.69,North America,Mar-2019
Food and beverages,31.84,1,33.432,2019-02-09,1.592,Europe,Feb-2019
Home and lifestyle,65.82,1,69.111,2019-02-22,3.291,Asia,Feb-2019
Fashion accessories,88.34,7,649.299,2019-02-18,30.919,North America,Feb-2019
