Product line,Unit price,Quantity,Sales,Date,Payment,cogs,gross margin percentage,Profit,Rating,Region
Health and beauty,74.69,7,548.9715,1/5/2019,Ewallet,522.83,4.761904762,26.1415,9.1,North America
Electronic accessories,15.28,5,80.22,3/8/2019,Cash,76.4,4.761904762,3.82,9.6,Europe
Home and lifestyle,46.33,7,340.5255,3/3/2019,Credit card,324.31,4.761904762,16.2155,7.4,Asia
Health and beauty,58.22,8,489.048,1/27/2019,Ewallet,465.76,4.761904762,23.288,8.4,North America
Sports and travel,86.31,7,634.3785,2/8/2019,Ewallet,604.17,4.761904762,30.2085,5.3,Europe
Electronic accessories,85.39,7,627.6165,3/25/2019,Ewallet,597.73,4.761904762,29.8865,4.1,Asia
Electronic accessories,68.84,6,433.692,2/25/2019,Ewallet,413.04,4.761904762,20.652,5.8,North America
Home and lifestyle,73.56,10,772.38,2/24/2019,Ewallet,735.6,4.761904762,36.78,8,Europe
Health and beauty,36.26,2,76.146,1/10/2019,Credit card,72.52,4.761904762,3.626,7.2,Asia
Food and beverages,54.84,3,172.746,2/20/2019,Credit card,164.52,4.761904762,8.226,5.9,North America
Fashion accessories,14.48,4,60.816,2/6/2019,Ewallet,57.92,4.761904762,2.896,4.5,Europe
Electronic accessories,25.51,4,107.142,3/9/2019,Cash,102.04,4.761904762,5.102,6.8,Asia
Electronic accessories,46.95,5,246.4875,2/12/2019,Ewallet,234.75,4.761904762,11.7375,7.1,North America
Food and beverages,43.19,10,453.495,2/7/2019,Ewallet,431.9,4.761904762,21.595,8.2,Europe
Health and beauty,71.38,10,749.49,3/29/2019,Cash,713.8,4.761904762,35.69,5.7,Asia
Sports and travel,93.72,6,590.436,1/15/2019,Cash,562.32,4.761904762,28.116,4.5,North America
Health and beauty,68.93,7,506.6355,3/11/2019,Credit card,482.51,4.761904762,24.1255,4.6,Europe
Sports and travel,72.61,6,457.443,1/1/2019,Credit card,435.66,4.761904762,21.783,6.9,Asia
Food and beverages,54.67,3,172.2105,1/21/2019,Credit card,164.01,4.761904762,8.2005,8.6,North America
Home and lifestyle,40.3,2,84.63,3/11/2019,Ewallet,80.6,4.761904762,4.03,4.4,Europe
Electronic accessories,86.04,5,451.71,2/25/2019,Ewallet,430.2,4.761904762,21.51,4.8,Asia
Health and beauty,87.98,3,277.137,3/5/2019,Ewallet,263.94,4.761904762,13.197,5.1,North America
Home and lifestyle,33.2,2,69.72,3/15/2019,Credit card,66.4,4.761904762,3.32,4.4,Europe
Electronic accessories,34.56,5,181.44,2/17/2019,Ewallet,172.8,4.761904762,8.64,9.9,Asia
Sports and travel,88.63,3,279.1845,3/2/2019,Ewallet,265.89,4.761904762,13.2945,6,North America
Home and lifestyle,52.59,8,441.756,3/22/2019,Credit card,420.72,4.761904762,21.036,8.5,Europe
Fashion accessories,33.52,1,35.196,2/8/2019,Cash,33.52,4.761904762,1.676,6.7,Asia
Fashion accessories,87.67,2,184.107,3/10/2019,Credit card,175.34,4.761904762,8.767,7.7,North America
Food and beverages,88.36,5,463.89,1/25/2019,Cash,441.8,4.761904762,22.09,9.6,Europe
Health and beauty,24.89,9,235.2105,3/15/2019,Cash,224.01,4.761904762,11.2005,7.4,Asia
Fashion accessories,94.13,5,494.1825,2/25/2019,Credit card,470.65,4.761904762,23.5325,4.8,North America
Sports and travel,78.07,9,737.7615,1/28/2019,Cash,702.63,4.761904762,35.1315,4.5,Europe
Sports and travel,83.78,8,703.752,1/10/2019,Cash,670.24,4.761904762,33.512,5.1,Asia
Health and beauty,96.58,2,202.818,3/15/2019,Credit card,193.16,4.761904762,9.658,5.1,North America
Food and beverages,99.42,4,417.564,2/6/2019,Ewallet,397.68,4.761904762,19.884,7.5,Europe
Sports and travel,68.12,1,71.526,1/7/2019,Ewallet,68.12,4.761904762,3.406,6.8,Asia
Sports and travel,62.62,5,328.755,3/10/2019,Ewallet,313.1,4.761904762,15.655,7,North America
Electronic accessories,60.88,9,575.316,1/15/2019,Ewallet,547.92,4.761904762,27.396,4.7,Europe
Health and beauty,54.92,8,461.328,3/23/2019,Ewallet,439.36,4.761904762,21.968,7.6,Asia
Home and lifestyle,30.12,8,253.008,3/3/2019,Cash,240.96,4.761904762,12.048,7.7,North America
Home and lifestyle,86.72,1,91.056,1/17/2019,Ewallet,86.72,4.761904762,4.336,7.9,Europe
Home and lifestyle,56.11,2,117.831,2/2/2019,Cash,112.22,4.761904762,5.611,6.3,Asia
Sports and travel,69.12,6,435.456,2/8/2019,Cash,414.72,4.761904762,20.736,5.6,North America
Food and beverages,98.7,8,829.08,3/4/2019,Cash,789.6,4.761904762,39.48,7.6,Europe
Health and beauty,15.37,2,32.277,3/16/2019,Cash,30.74,4.761904762,1.537,7.2,Asia
Electronic accessories,93.96,4,394.632,3/9/2019,Cash,375.84,4.761904762,18.792,9.5,North America
Health and beauty,56.69,9,535.7205,2/27/2019,Credit card,510.21,4.761904762,25.5105,8.4,Europe
Food and beverages,20.01,9,189.0945,2/6/2019,Ewallet,180.09,4.761904762,9.0045,4.1,Asia
Electronic accessories,18.93,6,119.259,2/10/2019,Credit card,113.58,4.761904762,5.679,8.1,North America
Fashion accessories,82.63,10,867.615,3/19/2019,Ewallet,826.3,4.761904762,41.315,7.9,Europe
Food and beverages,91.4,7,671.79,2/3/2019,Cash,639.8,4.761904762,31.99,9.5,Asia
Food and beverages,44.59,5,234.0975,2/10/2019,Cash,222.95,4.761904762,11.1475,8.5,North America
Fashion accessories,17.87,4,75.054,3/22/2019,Ewallet,71.48,4.761904762,3.574,6.5,Europe
Fashion accessories,15.43,1,16.2015,1/25/2019,Credit card,15.43,4.761904762,0.7715,6.1,Asia
Home and lifestyle,16.16,2,33.936,3/7/2019,Ewallet,32.32,4.761904762,1.616,6.5,North America
Electronic accessories,85.98,8,722.232,2/28/2019,Cash,687.84,4.761904762,34.392,8.2,Europe
Home and lifestyle,44.34,2,93.114,3/27/2019,Cash,88.68,4.761904762,4.434,5.8,Asia
Health and beauty,89.6,8,752.64,2/7/2019,Ewallet,716.8,4.761904762,35.84,6.6,North America
Home and lifestyle,72.35,10,759.675,1/20/2019,Cash,723.5,4.761904762,36.175,5.4,Europe
Electronic accessories,30.61,6,192.843,3/12/2019,Cash,183.66,4.761904762,9.183,9.3,Asia
Sports and travel,24.74,3,77.931,2/15/2019,Credit card,74.22,4.761904762,3.711,10,North America
Home and lifestyle,55.73,6,351.099,2/24/2019,Ewallet,334.38,4.761904762,16.719,7,Europe
Sports and travel,55.07,9,520.4115,2/3/2019,Ewallet,495.63,4.761904762,24.7815,10,Asia
Sports and travel,15.81,10,166.005,3/6/2019,Credit card,158.1,4.761904762,7.905,8.6,North America
Health and beauty,75.74,4,318.108,2/14/2019,Cash,302.96,4.761904762,15.148,7.6,Europe
Health and beauty,15.87,10,166.635,3/13/2019,Cash,158.7,4.761904762,7.935,5.8,Asia
Health and beauty,33.47,2,70.287,2/10/2019,Ewallet,66.94,4.761904762,3.347,6.7,North America
Fashion accessories,97.61,6,614.943,1/7/2019,Ewallet,585.66,4.761904762,29.283,9.9,Europe
Sports and travel,78.77,10,827.085,1/24/2019,Cash,787.7,4.761904762,39.385,6.4,Asia
Health and beauty,18.33,1,19.2465,2/2/2019,Cash,18.33,4.761904762,0.9165,4.3,North America
Food and beverages,89.48,10,939.54,1/6/2019,Credit card,894.8,4.761904762,44.74,9.6,Europe
Fashion accessories,62.12,10,652.26,2/11/2019,Cash,621.2,4.761904762,31.06,5.9,Asia
Food and beverages,48.52,3,152.838,3/5/2019,Ewallet,145.56,4.761904762,7.278,4,North America
Electronic accessories,75.91,6,478.233,3/9/2019,Cash,455.46,4.761904762,22.773,8.7,Europe
Home and lifestyle,74.67,9,705.6315,1/22/2019,Ewallet,672.03,4.761904762,33.6015,9.4,Asia
Electronic accessories,41.65,10,437.325,1/13/2019,Credit card,416.5,4.761904762,20.825,5.4,North America
Fashion accessories,49.04,9,463.428,1/9/2019,Credit card,441.36,4.761904762,22.068,8.6,Europe
Fashion accessories,20.01,9,189.0945,1/12/2019,Credit card,180.09,4.761904762,9.0045,5.7,Asia
Food and beverages,78.31,10,822.255,3/5/2019,Ewallet,783.1,4.761904762,39.155,6.6,North America
Health and beauty,20.38,5,106.995,1/22/2019,Cash,101.9,4.761904762,5.095,6,Europe
Health and beauty,99.19,6,624.897,1/21/2019,Credit card,595.14,4.761904762,29.757,5.5,Asia
Food and beverages,96.68,3,304.542,1/26/2019,Ewallet,290.04,4.761904762,14.502,6.4,North America
Food and beverages,19.25,8,161.7,1/23/2019,Ewallet,154,4.761904762,7.7,6.6,Europe
Food and beverages,80.36,4,337.512,2/23/2019,Credit card,321.44,4.761904762,16.072,8.3,Asia
Sports and travel,48.91,5,256.7775,3/9/2019,Cash,244.55,4.761904762,12.2275,6.6,North America
Sports and travel,83.06,7,610.491,3/5/2019,Ewallet,581.42,4.761904762,29.071,4,Europe
Fashion accessories,76.52,5,401.73,3/25/2019,Cash,382.6,4.761904762,19.13,9.9,Asia
Food and beverages,49.38,7,362.943,3/27/2019,Credit card,345.66,4.761904762,17.283,7.3,North America
Sports and travel,42.47,1,44.5935,1/2/2019,Cash,42.47,4.761904762,2.1235,5.7,Europe
Health and beauty,76.99,6,485.037,2/27/2019,Cash,461.94,4.761904762,23.097,6.1,Asia
Home and lifestyle,47.38,4,198.996,1/23/2019,Cash,189.52,4.761904762,9.476,7.1,North America
Sports and travel,44.86,10,471.03,1/26/2019,Ewallet,448.6,4.761904762,22.43,8.2,Europe
Sports and travel,21.98,7,161.553,1/10/2019,Ewallet,153.86,4.761904762,7.693,5.1,Asia
Health and beauty,64.36,9,608.202,3/12/2019,Credit card,579.24,4.761904762,28.962,8.6,North America
Health and beauty,89.75,1,94.2375,2/6/2019,Credit card,89.75,4.761904762,4.4875,6.6,Europe
Electronic accessories,97.16,1,102.018,3/8/2019,Ewallet,97.16,4.761904762,4.858,7.2,Asia
Health and beauty,87.87,10,922.635,3/29/2019,Ewallet,878.7,4.761904762,43.935,5.1,North America
Electronic accessories,12.45,6,78.435,2/9/2019,Cash,74.7,4.761904762,3.735,4.1,Europe
Food and beverages,52.75,3,166.1625,3/23/2019,Ewallet,158.25,4.761904762,7.9125,9.3,Asia
Home and lifestyle,82.7,6,521.01,3/5/2019,Cash,496.2,4.761904762,24.81,7.4,North America
Fashion accessories,48.71,1,51.1455,3/26/2019,Cash,48.71,4.761904762,2.4355,4.1,Europe
Fashion accessories,78.55,9,742.2975,3/1/2019,Cash,706.95,4.761904762,35.3475,7.2,Asia
Electronic accessories,23.07,9,218.0115,2/1/2019,Cash,207.63,4.761904762,10.3815,4.9,North America
Food and beverages,58.26,6,367.038,3/28/2019,Cash,349.56,4.761904762,17.478,9.9,Europe
Health and beauty,30.35,7,223.0725,3/19/2019,Cash,212.45,4.761904762,10.6225,8,Asia
Electronic accessories,88.67,10,931.035,1/12/2019,Ewallet,886.7,4.761904762,44.335,7.3,North America
Fashion accessories,27.38,6,172.494,1/5/2019,Credit card,164.28,4.761904762,8.214,7.9,Europe
Sports and travel,62.13,6,391.419,3/22/2019,Cash,372.78,4.761904762,18.639,7.4,Asia
Food and beverages,33.98,9,321.111,3/24/2019,Cash,305.82,4.761904762,15.291,4.2,North America
Electronic accessories,81.97,10,860.685,3/3/2019,Cash,819.7,4.761904762,40.985,9.2,Europe
Sports and travel,16.49,2,34.629,2/5/2019,Ewallet,32.98,4.761904762,1.649,4.6,Asia
Health and beauty,98.21,3,309.3615,2/5/2019,Credit card,294.63,4.761904762,14.7315,7.8,North America
Fashion accessories,72.84,7,535.374,2/15/2019,Cash,509.88,4.761904762,25.494,8.4,Europe
Home and lifestyle,58.07,9,548.7615,1/19/2019,Ewallet,522.63,4.761904762,26.1315,4.3,Asia
Home and lifestyle,80.79,9,763.4655,2/1/2019,Credit card,727.11,4.761904762,36.3555,9.5,North America
Fashion accessories,27.02,3,85.113,3/2/2019,Credit card,81.06,4.761904762,4.053,7.1,Europe
Fashion accessories,21.94,5,115.185,3/5/2019,Ewallet,109.7,4.761904762,5.485,5.3,Asia
Fashion accessories,51.36,1,53.928,1/16/2019,Ewallet,51.36,4.761904762,2.568,5.2,North America
Food and beverages,10.96,10,115.08,2/2/2019,Ewallet,109.6,4.761904762,5.48,6,Europe
Home and lifestyle,53.44,2,112.224,1/20/2019,Ewallet,106.88,4.761904762,5.344,4.1,Asia
Electronic accessories,99.56,8,836.304,2/14/2019,Credit card,796.48,4.761904762,39.824,5.2,North America
Sports and travel,57.12,7,419.832,1/12/2019,Credit card,399.84,4.761904762,19.992,6.5,Europe
Sports and travel,99.96,9,944.622,3/9/2019,Credit card,899.64,4.761904762,44.982,4.2,Asia
Home and lifestyle,63.91,8,536.844,3/13/2019,Credit card,511.28,4.761904762,25.564,4.6,North America
Fashion accessories,56.47,8,474.348,3/9/2019,Ewallet,451.76,4.761904762,22.588,7.3,Europe
Home and lifestyle,93.69,7,688.6215,3/10/2019,Credit card,655.83,4.761904762,32.7915,4.5,Asia
Sports and travel,32.25,5,169.3125,1/27/2019,Cash,161.25,4.761904762,8.0625,9,North America
Fashion accessories,31.73,9,299.8485,1/8/2019,Credit card,285.57,4.761904762,14.2785,5.9,Europe
Food and beverages,68.54,8,575.736,1/8/2019,Ewallet,548.32,4.761904762,27.416,8.5,Asia
Sports and travel,90.28,9,853.146,2/8/2019,Ewallet,812.52,4.761904762,40.626,7.2,North America
Fashion accessories,39.62,7,291.207,1/25/2019,Cash,277.34,4.761904762,13.867,7.5,Europe
Sports and travel,92.13,6,580.419,3/6/2019,Cash,552.78,4.761904762,27.639,8.3,Asia
Sports and travel,34.84,4,146.328,2/10/2019,Cash,139.36,4.761904762,6.968,7.4,North America
Electronic accessories,87.45,6,550.935,2/17/2019,Credit card,524.7,4.761904762,26.235,8.8,Europe
Health and beauty,81.3,6,512.19,3/8/2019,Ewallet,487.8,4.761904762,24.39,5.3,Asia
Fashion accessories,90.22,3,284.193,2/18/2019,Cash,270.66,4.761904762,13.533,6.2,North America
Electronic accessories,26.31,5,138.1275,1/18/2019,Credit card,131.55,4.761904762,6.5775,8.8,Europe
Home and lifestyle,34.42,6,216.846,2/18/2019,Cash,206.52,4.761904762,10.326,9.8,Asia
Sports and travel,51.91,10,545.055,2/16/2019,Cash,519.1,4.761904762,25.955,8.2,North America
Sports and travel,72.5,8,609,3/16/2019,Ewallet,580,4.761904762,29,9.2,Europe
Sports and travel,89.8,10,942.9,1/23/2019,Credit card,898,4.761904762,44.9,5.4,Asia
Health and beauty,90.5,10,950.25,1/25/2019,Cash,905,4.761904762,45.25,8.1,North America
Health and beauty,68.6,10,720.3,2/5/2019,Cash,686,4.761904762,34.3,9.1,Europe
Food and beverages,30.41,1,31.9305,2/22/2019,Credit card,30.41,4.761904762,1.5205,8.4,Asia
Home and lifestyle,77.95,6,491.085,1/21/2019,Ewallet,467.7,4.761904762,23.385,8,North America
Health and beauty,46.26,6,291.438,3/8/2019,Credit card,277.56,4.761904762,13.878,9.5,Europe
Fashion accessories,30.14,10,316.47,2/10/2019,Ewallet,301.4,4.761904762,15.07,9.2,Asia
Health and beauty,66.14,4,277.788,3/19/2019,Credit card,264.56,4.761904762,13.228,5.6,North America
Home and lifestyle,71.86,8,603.624,3/6/2019,Credit card,574.88,4.761904762,28.744,6.2,Europe
Health and beauty,32.46,8,272.664,3/27/2019,Credit card,259.68,4.761904762,12.984,4.9,Asia
Fashion accessories,91.54,4,384.468,3/23/2019,Credit card,366.16,4.761904762,18.308,4.8,North America
Sports and travel,34.56,7,254.016,3/11/2019,Credit card,241.92,4.761904762,12.096,7.3,Europe
Fashion accessories,83.24,9,786.618,1/29/2019,Credit card,749.16,4.761904762,37.458,7.4,Asia
Food and beverages,16.48,6,103.824,2/7/2019,Ewallet,98.88,4.761904762,4.944,9.9,North America
Sports and travel,80.97,8,680.148,1/28/2019,Cash,647.76,4.761904762,32.388,9.3,Europe
Food and beverages,92.29,5,484.5225,2/20/2019,Credit card,461.45,4.761904762,23.0725,9,Asia
Electronic accessories,72.17,1,75.7785,1/4/2019,Cash,72.17,4.761904762,3.6085,6.1,North America
Home and lifestyle,50.28,5,263.97,3/7/2019,Ewallet,251.4,4.761904762,12.57,9.7,Europe
Health and beauty,97.22,9,918.729,3/30/2019,Ewallet,874.98,4.761904762,43.749,6,Asia
Sports and travel,93.39,6,588.357,3/27/2019,Ewallet,560.34,4.761904762,28.017,10,North America
Food and beverages,43.18,8,362.712,1/19/2019,Credit card,345.44,4.761904762,17.272,8.3,Europe
Sports and travel,63.69,1,66.8745,2/25/2019,Cash,63.69,4.761904762,3.1845,6,Asia
Food and beverages,45.79,7,336.5565,3/13/2019,Credit card,320.53,4.761904762,16.0265,7,North America
Sports and travel,76.4,2,160.44,1/30/2019,Ewallet,152.8,4.761904762,7.64,6.5,Europe
Food and beverages,39.9,10,418.95,2/20/2019,Credit card,399,4.761904762,19.95,5.9,Asia
Health and beauty,42.57,8,357.588,2/25/2019,Ewallet,340.56,4.761904762,17.028,5.6,North America
Home and lifestyle,95.58,10,1003.59,1/16/2019,Cash,955.8,4.761904762,47.79,4.8,Europe
Fashion accessories,98.98,10,1039.29,2/8/2019,Credit card,989.8,4.761904762,49.49,8.7,Asia
Food and beverages,51.28,6,323.064,1/19/2019,Cash,307.68,4.761904762,15.384,6.5,North America
Sports and travel,69.52,7,510.972,2/1/2019,Credit card,486.64,4.761904762,24.332,8.5,Europe
Health and beauty,70.01,5,367.5525,1/3/2019,Ewallet,350.05,4.761904762,17.5025,5.5,Asia
Food and beverages,80.05,5,420.2625,1/26/2019,Credit card,400.25,4.761904762,20.0125,9.4,North America
Electronic accessories,20.85,8,175.14,3/3/2019,Cash,166.8,4.761904762,8.34,6.3,Europe
Electronic accessories,52.89,6,333.207,1/19/2019,Credit card,317.34,4.761904762,15.867,9.8,Asia
Food and beverages,19.79,8,166.236,1/18/2019,Ewallet,158.32,4.761904762,7.916,8.7,North America
Home and lifestyle,33.84,9,319.788,3/21/2019,Ewallet,304.56,4.761904762,15.228,8.8,Europe
Food and beverages,22.17,8,186.228,3/3/2019,Credit card,177.36,4.761904762,8.868,9.6,Asia
Fashion accessories,22.51,7,165.4485,2/13/2019,Credit card,157.57,4.761904762,7.8785,4.8,North America
Food and beverages,73.88,6,465.444,3/23/2019,Ewallet,443.28,4.761904762,22.164,4.4,Europe
Health and beauty,86.8,3,273.42,1/28/2019,Ewallet,260.4,4.761904762,13.02,9.9,Asia
Fashion accessories,64.26,7,472.311,2/9/2019,Cash,449.82,4.761904762,22.491,5.7,North America
Food and beverages,38.47,8,323.148,1/23/2019,Cash,307.76,4.761904762,15.388,7.7,Europe
Sports and travel,15.5,10,162.75,3/23/2019,Ewallet,155,4.761904762,7.75,8,Asia
Health and beauty,34.31,8,288.204,1/25/2019,Ewallet,274.48,4.761904762,13.724,5.7,North America
Sports and travel,12.34,7,90.699,3/4/2019,Credit card,86.38,4.761904762,4.319,6.7,Europe
Food and beverages,18.08,3,56.952,3/5/2019,Ewallet,54.24,4.761904762,2.712,8,Asia
Home and lifestyle,94.49,8,793.716,3/3/2019,Ewallet,755.92,4.761904762,37.796,7.5,North America
Home and lifestyle,46.47,4,195.174,2/8/2019,Cash,185.88,4.761904762,9.294,7,Europe
Home and lifestyle,74.07,1,77.7735,2/10/2019,Ewallet,74.07,4.761904762,3.7035,9.9,Asia
Home and lifestyle,69.81,4,293.202,1/28/2019,Credit card,279.24,4.761904762,13.962,5.9,North America
Home and lifestyle,77.04,3,242.676,2/11/2019,Credit card,231.12,4.761904762,11.556,7.2,Europe
Fashion accessories,73.52,2,154.392,1/15/2019,Ewallet,147.04,4.761904762,7.352,4.6,Asia
Food and beverages,87.8,9,829.71,3/16/2019,Cash,790.2,4.761904762,39.51,9.2,North America
Home and lifestyle,25.55,4,107.31,1/26/2019,Ewallet,102.2,4.761904762,5.11,5.7,Europe
Electronic accessories,32.71,5,171.7275,3/19/2019,Credit card,163.55,4.761904762,8.1775,9.9,Asia
Fashion accessories,74.29,1,78.0045,1/13/2019,Cash,74.29,4.761904762,3.7145,5,North America
Health and beauty,43.7,2,91.77,3/26/2019,Cash,87.4,4.761904762,4.37,4.9,Europe
Home and lifestyle,25.29,1,26.5545,3/23/2019,Ewallet,25.29,4.761904762,1.2645,6.1,Asia
Health and beauty,41.5,4,174.3,3/12/2019,Credit card,166,4.761904762,8.3,8.2,North America
Food and beverages,71.39,5,374.7975,2/17/2019,Credit card,356.95,4.761904762,17.8475,5.5,Europe
Sports and travel,19.15,6,120.645,1/29/2019,Credit card,114.9,4.761904762,5.745,6.8,Asia
Electronic accessories,57.49,4,241.458,3/15/2019,Cash,229.96,4.761904762,11.498,6.6,North America
Electronic accessories,61.41,7,451.3635,1/14/2019,Cash,429.87,4.761904762,21.4935,9.8,Europe
Health and beauty,25.9,10,271.95,2/6/2019,Ewallet,259,4.761904762,12.95,8.7,Asia
Home and lifestyle,17.77,5,93.2925,2/15/2019,Credit card,88.85,4.761904762,4.4425,5.4,North America
Health and beauty,23.03,9,217.6335,1/3/2019,Ewallet,207.27,4.761904762,10.3635,7.9,Europe
Electronic accessories,66.65,9,629.8425,1/4/2019,Credit card,599.85,4.761904762,29.9925,9.7,Asia
Home and lifestyle,28.53,10,299.565,3/18/2019,Ewallet,285.3,4.761904762,14.265,7.8,North America
Fashion accessories,30.37,3,95.6655,3/28/2019,Ewallet,91.11,4.761904762,4.5555,5.1,Europe
Electronic accessories,99.73,9,942.4485,3/2/2019,Credit card,897.57,4.761904762,44.8785,6.5,Asia
Electronic accessories,26.23,9,247.8735,1/25/2019,Ewallet,236.07,4.761904762,11.8035,5.9,North America
Food and beverages,93.26,9,881.307,1/16/2019,Cash,839.34,4.761904762,41.967,8.8,Europe
Home and lifestyle,92.36,5,484.89,3/20/2019,Ewallet,461.8,4.761904762,23.09,4.9,Asia
Sports and travel,46.42,3,146.223,1/4/2019,Credit card,139.26,4.761904762,6.963,4.4,North America
Sports and travel,29.61,7,217.6335,3/11/2019,Cash,207.27,4.761904762,10.3635,6.5,Europe
Home and lifestyle,18.28,1,19.194,3/22/2019,Credit card,18.28,4.761904762,0.914,8.3,Asia
Sports and travel,24.77,5,130.0425,3/24/2019,Cash,123.85,4.761904762,6.1925,8.5,North America
Electronic accessories,94.64,3,298.116,2/21/2019,Cash,283.92,4.761904762,14.196,5.5,Europe
Fashion accessories,94.87,8,796.908,2/12/2019,Ewallet,758.96,4.761904762,37.948,8.7,Asia
Food and beverages,57.34,3,180.621,3/10/2019,Credit card,172.02,4.761904762,8.601,7.9,North America
Electronic accessories,45.35,6,285.705,1/31/2019,Ewallet,272.1,4.761904762,13.605,6.1,Europe
Food and beverages,62.08,7,456.288,3/6/2019,Ewallet,434.56,4.761904762,21.728,5.4,Asia
Electronic accessories,11.81,5,62.0025,2/17/2019,Cash,59.05,4.761904762,2.9525,9.4,North America
Fashion accessories,12.54,1,13.167,2/21/2019,Cash,12.54,4.761904762,0.627,8.2,Europe
Food and beverages,43.25,2,90.825,3/20/2019,Cash,86.5,4.761904762,4.325,6.2,Asia
Sports and travel,87.16,2,183.036,1/11/2019,Credit card,174.32,4.761904762,8.716,9.7,North America
Health and beauty,69.37,9,655.5465,1/26/2019,Ewallet,624.33,4.761904762,31.2165,4,Europe
Electronic accessories,37.06,4,155.652,1/31/2019,Ewallet,148.24,4.761904762,7.412,9.7,Asia
Electronic accessories,90.7,6,571.41,2/26/2019,Cash,544.2,4.761904762,27.21,5.3,North America
Home and lifestyle,63.42,8,532.728,3/11/2019,Ewallet,507.36,4.761904762,25.368,7.4,Europe
Fashion accessories,81.37,2,170.877,1/26/2019,Cash,162.74,4.761904762,8.137,6.5,Asia
Electronic accessories,10.59,3,33.3585,3/12/2019,Credit card,31.77,4.761904762,1.5885,8.7,North America
Health and beauty,84.09,9,794.6505,2/11/2019,Cash,756.81,4.761904762,37.8405,8,Europe
Fashion accessories,73.82,4,310.044,2/21/2019,Cash,295.28,4.761904762,14.764,6.7,Asia
Health and beauty,51.94,10,545.37,3/9/2019,Ewallet,519.4,4.761904762,25.97,6.5,North America
Sports and travel,93.14,2,195.594,1/20/2019,Ewallet,186.28,4.761904762,9.314,4.1,Europe
Health and beauty,17.41,5,91.4025,1/28/2019,Credit card,87.05,4.761904762,4.3525,4.9,Asia
Fashion accessories,44.22,5,232.155,3/5/2019,Credit card,221.1,4.761904762,11.055,8.6,North America
Electronic accessories,13.22,5,69.405,3/2/2019,Cash,66.1,4.761904762,3.305,4.3,Europe
Fashion accessories,89.69,1,94.1745,1/11/2019,Ewallet,89.69,4.761904762,4.4845,4.9,Asia
Food and beverages,24.94,9,235.683,1/11/2019,Credit card,224.46,4.761904762,11.223,5.6,North America
Health and beauty,59.77,2,125.517,3/11/2019,Credit card,119.54,4.761904762,5.977,5.8,Europe
Fashion accessories,93.2,2,195.72,2/28/2019,Credit card,186.4,4.761904762,9.32,6,Asia
Home and lifestyle,62.65,4,263.13,1/5/2019,Cash,250.6,4.761904762,12.53,4.2,North America
Home and lifestyle,93.87,8,788.508,2/2/2019,Credit card,750.96,4.761904762,37.548,8.3,Europe
Home and lifestyle,47.59,8,399.756,1/1/2019,Cash,380.72,4.761904762,19.036,5.7,Asia
Electronic accessories,81.4,3,256.41,2/9/2019,Cash,244.2,4.761904762,12.21,4.8,North America
Fashion accessories,17.94,5,94.185,1/23/2019,Ewallet,89.7,4.761904762,4.485,6.8,Europe
Electronic accessories,77.72,4,326.424,1/7/2019,Credit card,310.88,4.761904762,15.544,8.8,Asia
Food and beverages,73.06,7,536.991,1/14/2019,Credit card,511.42,4.761904762,25.571,4.2,North America
Food and beverages,46.55,9,439.8975,2/2/2019,Ewallet,418.95,4.761904762,20.9475,6.4,Europe
Fashion accessories,35.19,10,369.495,3/17/2019,Credit card,351.9,4.761904762,17.595,8.4,Asia
Sports and travel,14.39,2,30.219,3/2/2019,Credit card,28.78,4.761904762,1.439,7.2,North America
Home and lifestyle,23.75,4,99.75,3/16/2019,Cash,95,4.761904762,4.75,5.2,Europe
Home and lifestyle,58.9,8,494.76,1/6/2019,Cash,471.2,4.761904762,23.56,8.9,Asia
Fashion accessories,32.62,4,137.004,1/29/2019,Cash,130.48,4.761904762,6.524,9,North America
Electronic accessories,66.35,1,69.6675,1/31/2019,Credit card,66.35,4.761904762,3.3175,9.7,Europe
Home and lifestyle,25.91,6,163.233,2/5/2019,Ewallet,155.46,4.761904762,7.773,8.7,Asia
Electronic accessories,32.25,4,135.45,2/13/2019,Ewallet,129,4.761904762,6.45,6.5,North America
Electronic accessories,65.94,4,276.948,2/7/2019,Credit card,263.76,4.761904762,13.188,6.9,Europe
Electronic accessories,75.06,9,709.317,3/19/2019,Ewallet,675.54,4.761904762,33.777,6.2,Asia
Fashion accessories,16.45,4,69.09,3/7/2019,Ewallet,65.8,4.761904762,3.29,5.6,North America
Fashion accessories,38.3,4,160.86,3/13/2019,Cash,153.2,4.761904762,7.66,5.7,Europe
Sports and travel,22.24,10,233.52,2/9/2019,Cash,222.4,4.761904762,11.12,4.2,Asia
Sports and travel,54.45,1,57.1725,2/26/2019,Ewallet,54.45,4.761904762,2.7225,7.9,North America
Sports and travel,98.4,7,723.24,3/12/2019,Credit card,688.8,4.761904762,34.44,8.7,Europe
Home and lifestyle,35.47,4,148.974,3/14/2019,Credit card,141.88,4.761904762,7.094,6.9,Asia
Food and beverages,74.6,10,783.3,1/8/2019,Cash,746,4.761904762,37.3,9.5,North America
Home and lifestyle,70.74,4,297.108,1/5/2019,Credit card,282.96,4.761904762,14.148,4.4,Europe
Home and lifestyle,35.54,10,373.17,1/4/2019,Ewallet,355.4,4.761904762,17.77,7,Asia
Sports and travel,67.43,5,354.0075,3/6/2019,Ewallet,337.15,4.761904762,16.8575,6.3,North America
Health and beauty,21.12,2,44.352,1/3/2019,Cash,42.24,4.761904762,2.112,9.7,Europe
Home and lifestyle,21.54,9,203.553,1/7/2019,Credit card,193.86,4.761904762,9.693,8.8,Asia
Home and lifestyle,12.03,2,25.263,1/27/2019,Cash,24.06,4.761904762,1.203,5.1,North America
Health and beauty,99.71,6,628.173,2/26/2019,Ewallet,598.26,4.761904762,29.913,7.9,Europe
Fashion accessories,47.97,7,352.5795,1/7/2019,Cash,335.79,4.761904762,16.7895,6.2,Asia
Home and lifestyle,21.82,10,229.11,1/7/2019,Cash,218.2,4.761904762,10.91,7.1,North America
Fashion accessories,95.42,4,400.764,2/2/2019,Ewallet,381.68,4.761904762,19.084,6.4,Europe
Fashion accessories,70.99,10,745.395,3/20/2019,Cash,709.9,4.761904762,35.495,5.7,Asia
Sports and travel,44.02,10,462.21,3/20/2019,Credit card,440.2,4.761904762,22.01,9.6,North America
Home and lifestyle,69.96,8,587.664,2/15/2019,Credit card,559.68,4.761904762,27.984,6.4,Europe
Home and lifestyle,37,1,38.85,3/6/2019,Credit card,37,4.761904762,1.85,7.9,Asia
Sports and travel,15.34,1,16.107,1/6/2019,Cash,15.34,4.761904762,0.767,6.5,North America
Health and beauty,99.83,6,628.929,3/4/2019,Ewallet,598.98,4.761904762,29.949,8.5,Europe
Health and beauty,47.67,4,200.214,3/12/2019,Cash,190.68,4.761904762,9.534,9.1,Asia
Health and beauty,66.68,5,350.07,2/20/2019,Cash,333.4,4.761904762,16.67,7.6,North America
Home and lifestyle,74.86,1,78.603,3/24/2019,Cash,74.86,4.761904762,3.743,6.9,Europe
Sports and travel,23.75,9,224.4375,1/31/2019,Cash,213.75,4.761904762,10.6875,9.5,Asia
Food and beverages,48.51,7,356.5485,1/25/2019,Credit card,339.57,4.761904762,16.9785,5.2,North America
Home and lifestyle,94.88,7,697.368,2/3/2019,Cash,664.16,4.761904762,33.208,4.2,Europe
Electronic accessories,40.3,10,423.15,1/24/2019,Credit card,403,4.761904762,20.15,7,Asia
Electronic accessories,27.85,7,204.6975,3/14/2019,Ewallet,194.95,4.761904762,9.7475,6,North America
Electronic accessories,62.48,1,65.604,2/18/2019,Cash,62.48,4.761904762,3.124,4.7,Europe
Food and beverages,36.36,2,76.356,1/21/2019,Cash,72.72,4.761904762,3.636,7.1,Asia
Health and beauty,18.11,10,190.155,3/13/2019,Ewallet,181.1,4.761904762,9.055,5.9,North America
Electronic accessories,51.92,5,272.58,3/3/2019,Cash,259.6,4.761904762,12.98,7.5,Europe
Electronic accessories,28.84,4,121.128,3/29/2019,Cash,115.36,4.761904762,5.768,6.4,Asia
Home and lifestyle,78.38,6,493.794,1/10/2019,Ewallet,470.28,4.761904762,23.514,5.8,North America
Home and lifestyle,60.01,4,252.042,1/25/2019,Cash,240.04,4.761904762,12.002,4.5,Europe
Home and lifestyle,88.61,1,93.0405,1/19/2019,Cash,88.61,4.761904762,4.4305,7.7,Asia
Fashion accessories,99.82,2,209.622,1/2/2019,Credit card,199.64,4.761904762,9.982,6.7,North America
Health and beauty,39.01,1,40.9605,3/12/2019,Credit card,39.01,4.761904762,1.9505,4.7,Europe
Food and beverages,48.61,1,51.0405,2/25/2019,Cash,48.61,4.761904762,2.4305,4.4,Asia
Electronic accessories,51.19,4,214.998,3/18/2019,Credit card,204.76,4.761904762,10.238,4.7,North America
Electronic accessories,14.96,8,125.664,2/23/2019,Cash,119.68,4.761904762,5.984,8.6,Europe
Electronic accessories,72.2,7,530.67,3/26/2019,Ewallet,505.4,4.761904762,25.27,4.3,Asia
Sports and travel,40.23,7,295.6905,3/30/2019,Cash,281.61,4.761904762,14.0805,9.6,North America
Home and lifestyle,88.79,8,745.836,2/17/2019,Cash,710.32,4.761904762,35.516,4.1,Europe
Electronic accessories,26.48,3,83.412,3/21/2019,Ewallet,79.44,4.761904762,3.972,4.7,Asia
Fashion accessories,81.91,2,172.011,3/5/2019,Cash,163.82,4.761904762,8.191,7.8,North America
Sports and travel,79.93,6,503.559,1/31/2019,Cash,479.58,4.761904762,23.979,5.5,Europe
Fashion accessories,69.33,2,145.593,2/5/2019,Ewallet,138.66,4.761904762,6.933,9.7,Asia
Food and beverages,14.23,5,74.7075,2/1/2019,Credit card,71.15,4.761904762,3.5575,4.4,North America
Health and beauty,15.55,9,146.9475,3/7/2019,Cash,139.95,4.761904762,6.9975,5,Europe
Electronic accessories,78.13,10,820.365,2/10/2019,Cash,781.3,4.761904762,39.065,4.4,Asia
Food and beverages,99.37,2,208.677,2/14/2019,Cash,198.74,4.761904762,9.937,5.2,North America
Food and beverages,21.08,3,66.402,2/9/2019,Cash,63.24,4.761904762,3.162,7.3,Europe
Electronic accessories,74.79,5,392.6475,1/10/2019,Cash,373.95,4.761904762,18.6975,4.9,Asia
Health and beauty,29.67,7,218.0745,3/11/2019,Credit card,207.69,4.761904762,10.3845,8.1,North America
Health and beauty,44.07,4,185.094,2/18/2019,Ewallet,176.28,4.761904762,8.814,8.4,Europe
Food and beverages,22.93,9,216.6885,2/26/2019,Cash,206.37,4.761904762,10.3185,5.5,Asia
Health and beauty,39.42,1,41.391,1/18/2019,Cash,39.42,4.761904762,1.971,8.4,North America
Health and beauty,15.26,6,96.138,2/15/2019,Ewallet,91.56,4.761904762,4.578,9.8,Europe
Fashion accessories,61.77,5,324.2925,3/8/2019,Cash,308.85,4.761904762,15.4425,6.7,Asia
Home and lifestyle,21.52,6,135.576,1/17/2019,Credit card,129.12,4.761904762,6.456,9.4,North America
Sports and travel,97.74,4,410.508,3/12/2019,Ewallet,390.96,4.761904762,19.548,6.4,Europe
Food and beverages,99.78,5,523.845,3/9/2019,Cash,498.9,4.761904762,24.945,5.4,Asia
Food and beverages,94.26,4,395.892,3/12/2019,Cash,377.04,4.761904762,18.852,8.6,North America
Health and beauty,51.13,4,214.746,1/25/2019,Credit card,204.52,4.761904762,10.226,4,Europe
Electronic accessories,36.36,4,152.712,3/25/2019,Cash,145.44,4.761904762,7.272,7.6,Asia
Home and lifestyle,22.02,9,208.089,2/7/2019,Cash,198.18,4.761904762,9.909,6.8,North America
Food and beverages,32.9,3,103.635,2/17/2019,Credit card,98.7,4.761904762,4.935,9.1,Europe
Fashion accessories,77.02,5,404.355,2/3/2019,Cash,385.1,4.761904762,19.255,5.5,Asia
Food and beverages,23.48,2,49.308,3/14/2019,Credit card,46.96,4.761904762,2.348,7.9,North America
Sports and travel,14.7,5,77.175,3/24/2019,Ewallet,73.5,4.761904762,3.675,8.5,Europe
Electronic accessories,28.45,5,149.3625,3/21/2019,Credit card,142.25,4.761904762,7.1125,9.1,Asia
Fashion accessories,76.4,9,721.98,3/19/2019,Ewallet,687.6,4.761904762,34.38,7.5,North America
Sports and travel,57.95,6,365.085,2/24/2019,Cash,347.7,4.761904762,17.385,5.2,Europe
Electronic accessories,47.65,3,150.0975,3/28/2019,Credit card,142.95,4.761904762,7.1475,9.5,Asia
Food and beverages,42.82,9,404.649,2/5/2019,Credit card,385.38,4.761904762,19.269,8.9,North America
Electronic accessories,48.09,3,151.4835,2/10/2019,Credit card,144.27,4.761904762,7.2135,7.8,Europe
Health and beauty,55.97,7,411.3795,3/5/2019,Ewallet,391.79,4.761904762,19.5895,8.9,Asia
Health and beauty,76.9,7,565.215,2/15/2019,Cash,538.3,4.761904762,26.915,7.7,North America
Food and beverages,97.03,5,509.4075,1/30/2019,Ewallet,485.15,4.761904762,24.2575,9.3,Europe
Sports and travel,44.65,3,140.6475,2/14/2019,Cash,133.95,4.761904762,6.6975,6.2,Asia
Fashion accessories,77.93,9,736.4385,2/27/2019,Ewallet,701.37,4.761904762,35.0685,7.6,North America
Electronic accessories,71.95,1,75.5475,2/4/2019,Cash,71.95,4.761904762,3.5975,7.3,Europe
Home and lifestyle,89.25,8,749.7,1/20/2019,Cash,714,4.761904762,35.7,4.7,Asia
Electronic accessories,26.02,7,191.247,3/28/2019,Cash,182.14,4.761904762,9.107,5.1,North America
Health and beauty,13.5,10,141.75,2/27/2019,Credit card,135,4.761904762,6.75,4.8,Europe
Fashion accessories,99.3,10,1042.65,2/15/2019,Credit card,993,4.761904762,49.65,6.6,Asia
Electronic accessories,51.69,7,379.9215,1/26/2019,Cash,361.83,4.761904762,18.0915,5.5,North America
Fashion accessories,54.73,7,402.2655,3/14/2019,Credit card,383.11,4.761904762,19.1555,8.5,Europe
Home and lifestyle,27,9,255.15,3/2/2019,Cash,243,4.761904762,12.15,4.8,Asia
Electronic accessories,30.24,1,31.752,3/4/2019,Cash,30.24,4.761904762,1.512,8.4,North America
Food and beverages,89.14,4,374.388,1/7/2019,Credit card,356.56,4.761904762,17.828,7.8,Europe
Fashion accessories,37.55,10,394.275,3/8/2019,Credit card,375.5,4.761904762,18.775,9.3,Asia
Sports and travel,95.44,10,1002.12,1/9/2019,Cash,954.4,4.761904762,47.72,5.2,North America
Electronic accessories,27.5,3,86.625,3/1/2019,Ewallet,82.5,4.761904762,4.125,6.5,Europe
Sports and travel,74.97,1,78.7185,3/16/2019,Cash,74.97,4.761904762,3.7485,5.6,Asia
Food and beverages,80.96,8,680.064,2/17/2019,Credit card,647.68,4.761904762,32.384,7.4,North America
Food and beverages,94.47,8,793.548,2/27/2019,Cash,755.76,4.761904762,37.788,9.1,Europe
Food and beverages,99.79,2,209.559,3/7/2019,Ewallet,199.58,4.761904762,9.979,8,Asia
Home and lifestyle,73.22,6,461.286,1/21/2019,Cash,439.32,4.761904762,21.966,7.2,North America
Food and beverages,41.24,4,173.208,2/19/2019,Cash,164.96,4.761904762,8.248,7.1,Europe
Fashion accessories,81.68,4,343.056,1/6/2019,Cash,326.72,4.761904762,16.336,9.1,Asia
Electronic accessories,51.32,9,484.974,3/14/2019,Cash,461.88,4.761904762,23.094,5.6,North America
Home and lifestyle,65.94,4,276.948,3/24/2019,Cash,263.76,4.761904762,13.188,6,Europe
Sports and travel,14.36,10,150.78,1/27/2019,Cash,143.6,4.761904762,7.18,5.4,Asia
Electronic accessories,21.5,9,203.175,3/6/2019,Credit card,193.5,4.761904762,9.675,7.8,North America
Electronic accessories,26.26,7,193.011,2/2/2019,Cash,183.82,4.761904762,9.191,9.9,Europe
Fashion accessories,60.96,2,128.016,1/25/2019,Credit card,121.92,4.761904762,6.096,4.9,Asia
Home and lifestyle,70.11,6,441.693,3/14/2019,Ewallet,420.66,4.761904762,21.033,5.2,North America
Fashion accessories,42.08,6,265.104,1/29/2019,Cash,252.48,4.761904762,12.624,8.9,Europe
Home and lifestyle,67.09,5,352.2225,1/3/2019,Credit card,335.45,4.761904762,16.7725,9.1,Asia
Fashion accessories,96.7,5,507.675,1/14/2019,Ewallet,483.5,4.761904762,24.175,7,North America
Home and lifestyle,35.38,9,334.341,1/5/2019,Credit card,318.42,4.761904762,15.921,9.6,Europe
Sports and travel,95.49,7,701.8515,2/22/2019,Ewallet,668.43,4.761904762,33.4215,8.7,Asia
Fashion accessories,96.98,4,407.316,2/6/2019,Ewallet,387.92,4.761904762,19.396,9.4,North America
Electronic accessories,23.65,4,99.33,1/30/2019,Credit card,94.6,4.761904762,4.73,4,Europe
Sports and travel,82.33,4,345.786,1/11/2019,Credit card,329.32,4.761904762,16.466,7.5,Asia
Electronic accessories,26.61,2,55.881,3/19/2019,Cash,53.22,4.761904762,2.661,4.2,North America
Food and beverages,99.69,5,523.3725,1/14/2019,Cash,498.45,4.761904762,24.9225,9.9,Europe
Food and beverages,74.89,4,314.538,3/1/2019,Ewallet,299.56,4.761904762,14.978,4.2,Asia
Food and beverages,40.94,5,214.935,1/6/2019,Ewallet,204.7,4.761904762,10.235,9.9,North America
Sports and travel,75.82,1,79.611,1/31/2019,Cash,75.82,4.761904762,3.791,5.8,Europe
Food and beverages,46.77,6,294.651,3/11/2019,Cash,280.62,4.761904762,14.031,6,Asia
Health and beauty,32.32,10,339.36,2/20/2019,Credit card,323.2,4.761904762,16.16,10,North America
Fashion accessories,54.07,9,510.9615,1/27/2019,Ewallet,486.63,4.761904762,24.3315,9.5,Europe
Food and beverages,18.22,7,133.917,3/10/2019,Credit card,127.54,4.761904762,6.377,6.6,Asia
Fashion accessories,80.48,3,253.512,2/15/2019,Cash,241.44,4.761904762,12.072,8.1,North America
Fashion accessories,37.95,10,398.475,1/26/2019,Cash,379.5,4.761904762,18.975,9.7,Europe
Electronic accessories,76.82,1,80.661,2/13/2019,Ewallet,76.82,4.761904762,3.841,7.2,Asia
Sports and travel,52.26,10,548.73,3/9/2019,Credit card,522.6,4.761904762,26.13,6.2,North America
Health and beauty,79.74,1,83.727,3/6/2019,Ewallet,79.74,4.761904762,3.987,7.3,Europe
Health and beauty,77.5,5,406.875,1/24/2019,Ewallet,387.5,4.761904762,19.375,4.3,Asia
Food and beverages,54.27,5,284.9175,3/13/2019,Ewallet,271.35,4.761904762,13.5675,4.6,North America
Home and lifestyle,13.59,9,128.4255,3/15/2019,Cash,122.31,4.761904762,6.1155,5.8,Europe
Health and beauty,41.06,6,258.678,3/5/2019,Credit card,246.36,4.761904762,12.318,8.3,Asia
Electronic accessories,19.24,9,181.818,3/4/2019,Cash,173.16,4.761904762,8.658,8,North America
Food and beverages,39.43,6,248.409,3/25/2019,Credit card,236.58,4.761904762,11.829,9.4,Europe
Home and lifestyle,46.22,4,194.124,3/12/2019,Credit card,184.88,4.761904762,9.244,6.2,Asia
Home and lifestyle,13.98,1,14.679,2/4/2019,Ewallet,13.98,4.761904762,0.699,9.8,North America
Fashion accessories,39.75,5,208.6875,2/22/2019,Ewallet,198.75,4.761904762,9.9375,9.6,Europe
Fashion accessories,97.79,7,718.7565,2/16/2019,Ewallet,684.53,4.761904762,34.2265,4.9,Asia
Sports and travel,67.26,4,282.492,1/19/2019,Credit card,269.04,4.761904762,13.452,8,North America
Food and beverages,13.79,5,72.3975,1/11/2019,Credit card,68.95,4.761904762,3.4475,7.8,Europe
Fashion accessories,68.71,4,288.582,1/4/2019,Cash,274.84,4.761904762,13.742,4.1,Asia
Home and lifestyle,56.53,4,237.426,3/4/2019,Ewallet,226.12,4.761904762,11.306,5.5,North America
Fashion accessories,23.82,5,125.055,1/28/2019,Ewallet,119.1,4.761904762,5.955,5.4,Europe
Health and beauty,34.21,10,359.205,1/2/2019,Cash,342.1,4.761904762,17.105,5.1,Asia
Sports and travel,21.87,2,45.927,1/25/2019,Ewallet,43.74,4.761904762,2.187,6.9,North America
Health and beauty,20.97,5,110.0925,1/4/2019,Cash,104.85,4.761904762,5.2425,7.8,Europe
Sports and travel,25.84,3,81.396,3/10/2019,Ewallet,77.52,4.761904762,3.876,6.6,Asia
Home and lifestyle,50.93,8,427.812,3/22/2019,Ewallet,407.44,4.761904762,20.372,9.2,North America
Health and beauty,96.11,1,100.9155,1/25/2019,Ewallet,96.11,4.761904762,4.8055,7.8,Europe
Home and lifestyle,45.38,4,190.596,1/8/2019,Credit card,181.52,4.761904762,9.076,8.7,Asia
Health and beauty,81.51,1,85.5855,1/22/2019,Ewallet,81.51,4.761904762,4.0755,9.2,North America
Health and beauty,57.22,2,120.162,1/12/2019,Ewallet,114.44,4.761904762,5.722,8.3,Europe
Electronic accessories,25.22,7,185.367,2/4/2019,Cash,176.54,4.761904762,8.827,8.2,Asia
Food and beverages,38.6,3,121.59,3/28/2019,Ewallet,115.8,4.761904762,5.79,7.5,North America
Electronic accessories,84.05,3,264.7575,1/23/2019,Cash,252.15,4.761904762,12.6075,9.8,Europe
Fashion accessories,97.21,10,1020.705,2/8/2019,Credit card,972.1,4.761904762,48.605,8.7,Asia
Fashion accessories,25.42,8,213.528,3/19/2019,Credit card,203.36,4.761904762,10.168,6.7,North America
Fashion accessories,16.28,1,17.094,3/9/2019,Cash,16.28,4.761904762,0.814,5,Europe
Fashion accessories,40.61,9,383.7645,1/2/2019,Cash,365.49,4.761904762,18.2745,7,Asia
Health and beauty,53.17,7,390.7995,1/21/2019,Cash,372.19,4.761904762,18.6095,8.9,North America
Food and beverages,20.87,3,65.7405,3/20/2019,Credit card,62.61,4.761904762,3.1305,8,Europe
Sports and travel,67.27,5,353.1675,2/27/2019,Cash,336.35,4.761904762,16.8175,6.9,Asia
Home and lifestyle,90.65,10,951.825,3/8/2019,Ewallet,906.5,4.761904762,45.325,7.3,North America
Fashion accessories,69.08,2,145.068,1/31/2019,Credit card,138.16,4.761904762,6.908,6.9,Europe
Food and beverages,43.27,2,90.867,3/8/2019,Ewallet,86.54,4.761904762,4.327,5.7,Asia
Electronic accessories,23.46,6,147.798,1/13/2019,Ewallet,140.76,4.761904762,7.038,6.4,North America
Fashion accessories,95.54,7,702.219,3/9/2019,Credit card,668.78,4.761904762,33.439,9.6,Europe
Fashion accessories,47.44,1,49.812,2/22/2019,Credit card,47.44,4.761904762,2.372,6.8,Asia
Sports and travel,99.24,9,937.818,3/19/2019,Ewallet,893.16,4.761904762,44.658,9,North America
Sports and travel,82.93,4,348.306,1/20/2019,Ewallet,331.72,4.761904762,16.586,9.6,Europe
Home and lifestyle,33.99,6,214.137,3/8/2019,Credit card,203.94,4.761904762,10.197,7.7,Asia
Food and beverages,17.04,4,71.568,3/8/2019,Ewallet,68.16,4.761904762,3.408,7,North America
Electronic accessories,40.86,8,343.224,2/7/2019,Credit card,326.88,4.761904762,16.344,6.5,Europe
Food and beverages,17.44,5,91.56,1/15/2019,Cash,87.2,4.761904762,4.36,8.1,Asia
Sports and travel,88.43,8,742.812,3/22/2019,Credit card,707.44,4.761904762,35.372,4.3,North America
Home and lifestyle,89.21,9,843.0345,1/15/2019,Credit card,802.89,4.761904762,40.1445,6.5,Europe
Fashion accessories,12.78,1,13.419,1/8/2019,Ewallet,12.78,4.761904762,0.639,9.5,Asia
Sports and travel,19.1,7,140.385,1/15/2019,Cash,133.7,4.761904762,6.685,9.7,North America
Health and beauty,19.15,1,20.1075,1/28/2019,Credit card,19.15,4.761904762,0.9575,9.5,Europe
Food and beverages,27.66,10,290.43,2/14/2019,Credit card,276.6,4.761904762,13.83,8.9,Asia
Fashion accessories,45.74,3,144.081,3/10/2019,Credit card,137.22,4.761904762,6.861,6.5,North America
Health and beauty,27.07,1,28.4235,1/12/2019,Credit card,27.07,4.761904762,1.3535,5.3,Europe
Sports and travel,39.12,1,41.076,3/26/2019,Credit card,39.12,4.761904762,1.956,9.6,Asia
Electronic accessories,74.71,6,470.673,1/1/2019,Cash,448.26,4.761904762,22.413,6.7,North America
Electronic accessories,22.01,6,138.663,1/2/2019,Cash,132.06,4.761904762,6.603,7.6,Europe
Food and beverages,63.61,5,333.9525,3/16/2019,Ewallet,318.05,4.761904762,15.9025,4.8,Asia
Health and beauty,25,1,26.25,3/3/2019,Ewallet,25,4.761904762,1.25,5.5,North America
Electronic accessories,20.77,4,87.234,1/31/2019,Cash,83.08,4.761904762,4.154,4.7,Europe
Fashion accessories,29.56,5,155.19,2/13/2019,Cash,147.8,4.761904762,7.39,6.9,Asia
Food and beverages,77.4,9,731.43,2/15/2019,Credit card,696.6,4.761904762,34.83,4.5,North America
Electronic accessories,79.39,10,833.595,2/7/2019,Cash,793.9,4.761904762,39.695,6.2,Europe
Electronic accessories,46.57,10,488.985,1/27/2019,Cash,465.7,4.761904762,23.285,7.6,Asia
Food and beverages,35.89,1,37.6845,2/23/2019,Credit card,35.89,4.761904762,1.7945,7.9,North America
Food and beverages,40.52,5,212.73,2/3/2019,Cash,202.6,4.761904762,10.13,4.5,Europe
Food and beverages,73.05,10,767.025,3/3/2019,Credit card,730.5,4.761904762,36.525,8.7,Asia
Sports and travel,73.95,4,310.59,2/3/2019,Cash,295.8,4.761904762,14.79,6.1,North America
Food and beverages,22.62,1,23.751,3/17/2019,Cash,22.62,4.761904762,1.131,6.4,Europe
Food and beverages,51.34,5,269.535,3/28/2019,Credit card,256.7,4.761904762,12.835,9.1,Asia
Sports and travel,54.55,10,572.775,3/2/2019,Credit card,545.5,4.761904762,27.275,7.1,North America
Health and beauty,37.15,7,273.0525,2/8/2019,Credit card,260.05,4.761904762,13.0025,7.7,Europe
Sports and travel,37.02,6,233.226,3/22/2019,Cash,222.12,4.761904762,11.106,4.5,Asia
Food and beverages,21.58,1,22.659,2/9/2019,Ewallet,21.58,4.761904762,1.079,7.2,North America
Electronic accessories,98.84,1,103.782,2/15/2019,Cash,98.84,4.761904762,4.942,8.4,Europe
Home and lifestyle,83.77,6,527.751,1/23/2019,Ewallet,502.62,4.761904762,25.131,5.4,Asia
Sports and travel,40.05,4,168.21,1/25/2019,Cash,160.2,4.761904762,8.01,9.7,North America
Fashion accessories,43.13,10,452.865,2/2/2019,Credit card,431.3,4.761904762,21.565,5.5,Europe
Health and beauty,72.57,8,609.588,3/30/2019,Cash,580.56,4.761904762,29.028,4.6,Asia
Electronic accessories,64.44,5,338.31,3/30/2019,Cash,322.2,4.761904762,16.11,6.6,North America
Health and beauty,65.18,3,205.317,2/25/2019,Credit card,195.54,4.761904762,9.777,6.3,Europe
Sports and travel,33.26,5,174.615,3/18/2019,Credit card,166.3,4.761904762,8.315,4.2,Asia
Electronic accessories,84.07,4,353.094,3/7/2019,Ewallet,336.28,4.761904762,16.814,4.4,North America
Sports and travel,34.37,10,360.885,3/16/2019,Ewallet,343.7,4.761904762,17.185,6.7,Europe
Electronic accessories,38.6,1,40.53,1/29/2019,Ewallet,38.6,4.761904762,1.93,6.7,Asia
Food and beverages,65.97,8,554.148,2/2/2019,Cash,527.76,4.761904762,26.388,8.4,North America
Electronic accessories,32.8,10,344.4,2/15/2019,Cash,328,4.761904762,16.4,6.2,Europe
Sports and travel,37.14,5,194.985,1/8/2019,Ewallet,185.7,4.761904762,9.285,5,Asia
Home and lifestyle,60.38,10,633.99,2/12/2019,Cash,603.8,4.761904762,30.19,6,North America
Sports and travel,36.98,10,388.29,1/1/2019,Credit card,369.8,4.761904762,18.49,7,Europe
Sports and travel,49.49,4,207.858,3/21/2019,Ewallet,197.96,4.761904762,9.898,6.6,Asia
Fashion accessories,41.09,10,431.445,2/28/2019,Cash,410.9,4.761904762,20.545,7.3,North America
Fashion accessories,37.15,4,156.03,3/23/2019,Ewallet,148.6,4.761904762,7.43,8.3,Europe
Home and lifestyle,22.96,1,24.108,1/30/2019,Cash,22.96,4.761904762,1.148,4.3,Asia
Home and lifestyle,77.68,9,734.076,2/4/2019,Ewallet,699.12,4.761904762,34.956,9.8,North America
Fashion accessories,34.7,2,72.87,3/13/2019,Ewallet,69.4,4.761904762,3.47,8.2,Europe
Fashion accessories,19.66,10,206.43,3/15/2019,Credit card,196.6,4.761904762,9.83,7.2,Asia
Health and beauty,25.32,8,212.688,3/5/2019,Ewallet,202.56,4.761904762,10.128,8.7,North America
Home and lifestyle,12.12,10,127.26,3/5/2019,Credit card,121.2,4.761904762,6.06,8.4,Europe
Fashion accessories,99.89,2,209.769,2/26/2019,Ewallet,199.78,4.761904762,9.989,7.1,Asia
Sports and travel,75.92,8,637.728,3/20/2019,Cash,607.36,4.761904762,30.368,5.5,North America
Electronic accessories,63.22,2,132.762,1/1/2019,Cash,126.44,4.761904762,6.322,8.5,Europe
Food and beverages,90.24,6,568.512,1/27/2019,Cash,541.44,4.761904762,27.072,6.2,Asia
Sports and travel,98.13,1,103.0365,1/21/2019,Cash,98.13,4.761904762,4.9065,8.9,North America
Sports and travel,51.52,8,432.768,2/2/2019,Cash,412.16,4.761904762,20.608,9.6,Europe
Sports and travel,73.97,1,77.6685,2/3/2019,Credit card,73.97,4.761904762,3.6985,5.4,Asia
Fashion accessories,31.9,1,33.495,1/5/2019,Ewallet,31.9,4.761904762,1.595,9.1,North America
Home and lifestyle,69.4,2,145.74,1/27/2019,Ewallet,138.8,4.761904762,6.94,9,Europe
Sports and travel,93.31,2,195.951,3/25/2019,Cash,186.62,4.761904762,9.331,6.3,Asia
Sports and travel,88.45,1,92.8725,2/25/2019,Credit card,88.45,4.761904762,4.4225,9.5,North America
Electronic accessories,24.18,8,203.112,1/28/2019,Ewallet,193.44,4.761904762,9.672,9.8,Europe
Sports and travel,48.5,3,152.775,1/8/2019,Cash,145.5,4.761904762,7.275,6.7,Asia
Food and beverages,84.05,6,529.515,1/29/2019,Credit card,504.3,4.761904762,25.215,7.7,North America
Health and beauty,61.29,5,321.7725,3/29/2019,Cash,306.45,4.761904762,15.3225,7,Europe
Home and lifestyle,15.95,6,100.485,2/9/2019,Credit card,95.7,4.761904762,4.785,5.1,Asia
Sports and travel,90.74,7,666.939,1/16/2019,Credit card,635.18,4.761904762,31.759,6.2,North America
Home and lifestyle,42.91,5,225.2775,1/5/2019,Ewallet,214.55,4.761904762,10.7275,6.1,Europe
Fashion accessories,54.28,7,398.958,1/27/2019,Ewallet,379.96,4.761904762,18.998,9.3,Asia
Electronic accessories,99.55,7,731.6925,3/14/2019,Cash,696.85,4.761904762,34.8425,7.6,North America
Sports and travel,58.39,7,429.1665,2/23/2019,Credit card,408.73,4.761904762,20.4365,8.2,Europe
Fashion accessories,51.47,1,54.0435,3/18/2019,Ewallet,51.47,4.761904762,2.5735,8.5,Asia
Health and beauty,54.86,5,288.015,3/29/2019,Ewallet,274.3,4.761904762,13.715,9.8,North America
Home and lifestyle,39.39,5,206.7975,1/22/2019,Credit card,196.95,4.761904762,9.8475,8.7,Europe
Home and lifestyle,34.73,2,72.933,3/1/2019,Ewallet,69.46,4.761904762,3.473,9.7,Asia
Sports and travel,71.92,5,377.58,1/17/2019,Credit card,359.6,4.761904762,17.98,4.3,North America
Electronic accessories,45.71,3,143.9865,3/26/2019,Credit card,137.13,4.761904762,6.8565,7.7,Europe
Home and lifestyle,83.17,6,523.971,3/20/2019,Cash,499.02,4.761904762,24.951,7.3,Asia
Home and lifestyle,37.44,6,235.872,2/6/2019,Credit card,224.64,4.761904762,11.232,5.9,North America
Health and beauty,62.87,2,132.027,1/1/2019,Cash,125.74,4.761904762,6.287,5,Europe
Food and beverages,81.71,6,514.773,1/27/2019,Credit card,490.26,4.761904762,24.513,8,Asia
Sports and travel,91.41,5,479.9025,2/25/2019,Ewallet,457.05,4.761904762,22.8525,7.1,North America
Fashion accessories,39.21,4,164.682,1/16/2019,Credit card,156.84,4.761904762,7.842,9,Europe
Fashion accessories,59.86,2,125.706,1/13/2019,Ewallet,119.72,4.761904762,5.986,6.7,Asia
Food and beverages,54.36,10,570.78,2/7/2019,Credit card,543.6,4.761904762,27.18,6.1,North America
Sports and travel,98.09,9,926.9505,2/17/2019,Cash,882.81,4.761904762,44.1405,9.3,Europe
Health and beauty,25.43,6,160.209,2/12/2019,Ewallet,152.58,4.761904762,7.629,7,Asia
Fashion accessories,86.68,8,728.112,1/24/2019,Credit card,693.44,4.761904762,34.672,7.2,North America
Electronic accessories,22.95,10,240.975,2/6/2019,Ewallet,229.5,4.761904762,11.475,8.2,Europe
Food and beverages,16.31,9,154.1295,3/26/2019,Ewallet,146.79,4.761904762,7.3395,8.4,Asia
Home and lifestyle,28.32,5,148.68,3/11/2019,Ewallet,141.6,4.761904762,7.08,6.2,North America
Home and lifestyle,16.67,7,122.5245,2/7/2019,Ewallet,116.69,4.761904762,5.8345,7.4,Europe
Fashion accessories,73.96,1,77.658,1/5/2019,Credit card,73.96,4.761904762,3.698,5,Asia
Home and lifestyle,97.94,1,102.837,3/7/2019,Ewallet,97.94,4.761904762,4.897,6.9,North America
Fashion accessories,73.05,4,306.81,2/25/2019,Credit card,292.2,4.761904762,14.61,4.9,Europe
Food and beverages,87.48,6,551.124,2/1/2019,Ewallet,524.88,4.761904762,26.244,5.1,Asia
Home and lifestyle,30.68,3,96.642,1/22/2019,Ewallet,92.04,4.761904762,4.602,9.1,North America
Health and beauty,75.88,1,79.674,1/3/2019,Credit card,75.88,4.761904762,3.794,7.1,Europe
Sports and travel,20.18,4,84.756,2/13/2019,Credit card,80.72,4.761904762,4.036,5,Asia
Electronic accessories,18.77,6,118.251,1/28/2019,Credit card,112.62,4.761904762,5.631,5.5,North America
Food and beverages,71.2,1,74.76,1/5/2019,Credit card,71.2,4.761904762,3.56,9.2,Europe
Home and lifestyle,38.81,4,163.002,3/19/2019,Ewallet,155.24,4.761904762,7.762,4.9,Asia
Fashion accessories,29.42,10,308.91,1/12/2019,Ewallet,294.2,4.761904762,14.71,8.9,North America
Sports and travel,60.95,9,575.9775,1/7/2019,Credit card,548.55,4.761904762,27.4275,6,Europe
Sports and travel,51.54,5,270.585,1/26/2019,Cash,257.7,4.761904762,12.885,4.2,Asia
Electronic accessories,66.06,6,416.178,1/23/2019,Cash,396.36,4.761904762,19.818,7.3,North America
Fashion accessories,57.27,3,180.4005,2/9/2019,Ewallet,171.81,4.761904762,8.5905,6.5,Europe
Fashion accessories,54.31,9,513.2295,2/22/2019,Cash,488.79,4.761904762,24.4395,8.9,Asia
Health and beauty,58.24,9,550.368,2/5/2019,Cash,524.16,4.761904762,26.208,9.7,North America
Electronic accessories,22.21,6,139.923,3/7/2019,Credit card,133.26,4.761904762,6.663,8.6,Europe
Electronic accessories,19.32,7,142.002,3/25/2019,Cash,135.24,4.761904762,6.762,6.9,Asia
Home and lifestyle,37.48,3,118.062,1/20/2019,Credit card,112.44,4.761904762,5.622,7.7,North America
Fashion accessories,72.04,2,151.284,2/4/2019,Cash,144.08,4.761904762,7.204,9.5,Europe
Food and beverages,98.52,10,1034.46,1/30/2019,Ewallet,985.2,4.761904762,49.26,4.5,Asia
Food and beverages,41.66,6,262.458,1/2/2019,Ewallet,249.96,4.761904762,12.498,5.6,North America
Home and lifestyle,72.42,3,228.123,3/29/2019,Ewallet,217.26,4.761904762,10.863,8.2,Europe
Electronic accessories,21.58,9,203.931,3/14/2019,Cash,194.22,4.761904762,9.711,7.3,Asia
Food and beverages,89.2,10,936.6,2/11/2019,Credit card,892,4.761904762,44.6,4.4,North America
Electronic accessories,42.42,8,356.328,1/30/2019,Ewallet,339.36,4.761904762,16.968,5.7,Europe
Electronic accessories,74.51,6,469.413,3/20/2019,Ewallet,447.06,4.761904762,22.353,5,Asia
Fashion accessories,99.25,2,208.425,3/20/2019,Cash,198.5,4.761904762,9.925,9,North America
Food and beverages,81.21,10,852.705,1/17/2019,Credit card,812.1,4.761904762,40.605,6.3,Europe
Sports and travel,49.33,10,517.965,2/3/2019,Credit card,493.3,4.761904762,24.665,9.4,Asia
Fashion accessories,65.74,9,621.243,1/1/2019,Cash,591.66,4.761904762,29.583,7.7,North America
Fashion accessories,79.86,7,586.971,1/10/2019,Credit card,559.02,4.761904762,27.951,5.5,Europe
Sports and travel,73.98,7,543.753,3/2/2019,Ewallet,517.86,4.761904762,25.893,4.1,Asia
Home and lifestyle,82.04,5,430.71,2/25/2019,Credit card,410.2,4.761904762,20.51,7.6,North America
Sports and travel,26.67,10,280.035,1/29/2019,Cash,266.7,4.761904762,13.335,8.6,Europe
Food and beverages,10.13,7,74.4555,3/10/2019,Ewallet,70.91,4.761904762,3.5455,8.3,Asia
Food and beverages,72.39,2,152.019,1/13/2019,Credit card,144.78,4.761904762,7.239,8.1,North America
Sports and travel,85.91,5,451.0275,3/22/2019,Credit card,429.55,4.761904762,21.4775,8.6,Europe
Fashion accessories,81.31,7,597.6285,3/1/2019,Ewallet,569.17,4.761904762,28.4585,6.3,Asia
Food and beverages,60.3,4,253.26,2/20/2019,Cash,241.2,4.761904762,12.06,5.8,North America
Food and beverages,31.77,4,133.434,1/14/2019,Ewallet,127.08,4.761904762,6.354,6.2,Europe
Health and beauty,64.27,4,269.934,3/26/2019,Cash,257.08,4.761904762,12.854,7.7,Asia
Health and beauty,69.51,2,145.971,3/1/2019,Ewallet,139.02,4.761904762,6.951,8.1,North America
Food and beverages,27.22,3,85.743,1/7/2019,Cash,81.66,4.761904762,4.083,7.3,Europe
Health and beauty,77.68,4,326.256,2/1/2019,Cash,310.72,4.761904762,15.536,8.4,Asia
Fashion accessories,92.98,2,195.258,2/13/2019,Credit card,185.96,4.761904762,9.298,8,North America
Fashion accessories,18.08,4,75.936,1/14/2019,Credit card,72.32,4.761904762,3.616,9.5,Europe
Sports and travel,63.06,3,198.639,1/19/2019,Ewallet,189.18,4.761904762,9.459,7,Asia
Health and beauty,51.71,4,217.182,3/9/2019,Credit card,206.84,4.761904762,10.342,9.8,North America
Food and beverages,52.34,3,164.871,3/27/2019,Cash,157.02,4.761904762,7.851,9.2,Europe
Sports and travel,43.06,5,226.065,2/4/2019,Ewallet,215.3,4.761904762,10.765,7.7,Asia
Fashion accessories,59.61,10,625.905,3/14/2019,Cash,596.1,4.761904762,29.805,5.3,North America
Health and beauty,14.62,5,76.755,3/4/2019,Cash,73.1,4.761904762,3.655,4.4,Europe
Health and beauty,46.53,6,293.139,3/3/2019,Credit card,279.18,4.761904762,13.959,4.3,Asia
Home and lifestyle,24.24,7,178.164,1/27/2019,Ewallet,169.68,4.761904762,8.484,9.4,North America
Sports and travel,45.58,1,47.859,2/7/2019,Cash,45.58,4.761904762,2.279,9.8,Europe
Sports and travel,75.2,3,236.88,2/5/2019,Ewallet,225.6,4.761904762,11.28,4.8,Asia
Sports and travel,96.8,3,304.92,3/15/2019,Cash,290.4,4.761904762,14.52,5.3,North America
Health and beauty,14.82,3,46.683,3/1/2019,Credit card,44.46,4.761904762,2.223,8.7,Europe
Food and beverages,52.2,3,164.43,2/15/2019,Credit card,156.6,4.761904762,7.83,9.5,Asia
Sports and travel,46.66,9,440.937,2/17/2019,Ewallet,419.94,4.761904762,20.997,5.3,North America
Fashion accessories,36.85,5,193.4625,1/26/2019,Cash,184.25,4.761904762,9.2125,9.2,Europe
Home and lifestyle,70.32,2,147.672,3/24/2019,Ewallet,140.64,4.761904762,7.032,9.6,Asia
Electronic accessories,83.08,1,87.234,1/23/2019,Ewallet,83.08,4.761904762,4.154,6.4,North America
Fashion accessories,64.99,1,68.2395,1/26/2019,Credit card,64.99,4.761904762,3.2495,4.5,Europe
Food and beverages,77.56,10,814.38,3/14/2019,Ewallet,775.6,4.761904762,38.78,6.9,Asia
Sports and travel,54.51,6,343.413,3/17/2019,Ewallet,327.06,4.761904762,16.353,7.8,North America
Fashion accessories,51.89,7,381.3915,1/8/2019,Cash,363.23,4.761904762,18.1615,4.5,Europe
Home and lifestyle,31.75,4,133.35,2/8/2019,Cash,127,4.761904762,6.35,8.6,Asia
Fashion accessories,53.65,7,394.3275,2/10/2019,Ewallet,375.55,4.761904762,18.7775,5.2,North America
Food and beverages,49.79,4,209.118,3/28/2019,Credit card,199.16,4.761904762,9.958,6.4,Europe
Fashion accessories,30.61,1,32.1405,1/23/2019,Ewallet,30.61,4.761904762,1.5305,5.2,Asia
Food and beverages,57.89,2,121.569,1/17/2019,Ewallet,115.78,4.761904762,5.789,8.9,North America
Electronic accessories,28.96,1,30.408,2/7/2019,Credit card,28.96,4.761904762,1.448,6.2,Europe
Food and beverages,98.97,9,935.2665,3/9/2019,Cash,890.73,4.761904762,44.5365,6.7,Asia
Fashion accessories,93.22,3,293.643,1/24/2019,Cash,279.66,4.761904762,13.983,7.2,North America
Sports and travel,80.93,1,84.9765,1/19/2019,Credit card,80.93,4.761904762,4.0465,9,Europe
Food and beverages,67.45,10,708.225,2/3/2019,Ewallet,674.5,4.761904762,33.725,4.2,Asia
Sports and travel,38.72,9,365.904,3/20/2019,Ewallet,348.48,4.761904762,17.424,4.2,North America
Sports and travel,72.6,6,457.38,1/13/2019,Cash,435.6,4.761904762,21.78,6.9,Europe
Electronic accessories,87.91,5,461.5275,3/14/2019,Ewallet,439.55,4.761904762,21.9775,4.4,Asia
Food and beverages,98.53,6,620.739,1/23/2019,Credit card,591.18,4.761904762,29.559,4,North America
Fashion accessories,43.46,6,273.798,2/7/2019,Ewallet,260.76,4.761904762,13.038,8.5,Europe
Food and beverages,71.68,3,225.792,3/28/2019,Credit card,215.04,4.761904762,10.752,9.2,Asia
Food and beverages,91.61,1,96.1905,3/20/2019,Cash,91.61,4.761904762,4.5805,9.8,North America
Home and lifestyle,94.59,7,695.2365,1/17/2019,Credit card,662.13,4.761904762,33.1065,4.9,Europe
Fashion accessories,83.25,10,874.125,1/12/2019,Credit card,832.5,4.761904762,41.625,4.4,Asia
Fashion accessories,91.35,1,95.9175,2/16/2019,Cash,91.35,4.761904762,4.5675,6.8,North America
Food and beverages,78.88,2,165.648,1/26/2019,Cash,157.76,4.761904762,7.888,9.1,Europe
Sports and travel,60.87,2,127.827,3/9/2019,Ewallet,121.74,4.761904762,6.087,8.7,Asia
Health and beauty,82.58,10,867.09,3/14/2019,Cash,825.8,4.761904762,41.29,5,North America
Home and lifestyle,53.3,3,167.895,1/25/2019,Ewallet,159.9,4.761904762,7.995,7.5,Europe
Fashion accessories,12.09,1,12.6945,1/26/2019,Credit card,12.09,4.761904762,0.6045,8.2,Asia
Sports and travel,64.19,10,673.995,1/19/2019,Credit card,641.9,4.761904762,32.095,6.7,North America
Electronic accessories,78.31,3,246.6765,3/5/2019,Ewallet,234.93,4.761904762,11.7465,5.4,Europe
Food and beverages,83.77,2,175.917,1/15/2019,Credit card,167.54,4.761904762,8.377,7,Asia
Home and lifestyle,99.7,3,314.055,3/18/2019,Ewallet,299.1,4.761904762,14.955,4.7,North America
Food and beverages,79.91,3,251.7165,3/20/2019,Credit card,239.73,4.761904762,11.9865,5,Europe
Health and beauty,66.47,10,697.935,1/15/2019,Credit card,664.7,4.761904762,33.235,5,Asia
Health and beauty,28.95,7,212.7825,3/3/2019,Credit card,202.65,4.761904762,10.1325,6,North America
Electronic accessories,46.2,1,48.51,3/19/2019,Cash,46.2,4.761904762,2.31,6.3,Europe
Food and beverages,17.63,5,92.5575,3/8/2019,Cash,88.15,4.761904762,4.4075,8.5,Asia
Fashion accessories,52.42,3,165.123,2/27/2019,Ewallet,157.26,4.761904762,7.863,7.5,North America
Food and beverages,98.79,3,311.1885,2/23/2019,Ewallet,296.37,4.761904762,14.8185,6.4,Europe
Electronic accessories,88.55,8,743.82,3/19/2019,Ewallet,708.4,4.761904762,35.42,4.7,Asia
Electronic accessories,55.67,2,116.907,3/27/2019,Ewallet,111.34,4.761904762,5.567,6,North America
Food and beverages,72.52,8,609.168,3/30/2019,Credit card,580.16,4.761904762,29.008,4,Europe
Electronic accessories,12.05,5,63.2625,2/16/2019,Ewallet,60.25,4.761904762,3.0125,5.5,Asia
Home and lifestyle,19.36,9,182.952,1/18/2019,Ewallet,174.24,4.761904762,8.712,8.7,North America
Health and beauty,70.21,6,442.323,3/30/2019,Cash,421.26,4.761904762,21.063,7.4,Europe
Fashion accessories,33.63,1,35.3115,3/20/2019,Cash,33.63,4.761904762,1.6815,5.6,Asia
Sports and travel,15.49,2,32.529,1/16/2019,Cash,30.98,4.761904762,1.549,6.3,North America
Electronic accessories,24.74,10,259.77,2/24/2019,Cash,247.4,4.761904762,12.37,7.1,Europe
Electronic accessories,75.66,5,397.215,1/15/2019,Ewallet,378.3,4.761904762,18.915,7.8,Asia
Health and beauty,55.81,6,351.603,1/22/2019,Cash,334.86,4.761904762,16.743,9.9,North America
Home and lifestyle,72.78,10,764.19,2/3/2019,Cash,727.8,4.761904762,36.39,7.3,Europe
Sports and travel,37.32,9,352.674,3/6/2019,Ewallet,335.88,4.761904762,16.794,5.1,Asia
Fashion accessories,60.18,4,252.756,2/16/2019,Credit card,240.72,4.761904762,12.036,9.4,North America
Electronic accessories,15.69,3,49.4235,3/14/2019,Credit card,47.07,4.761904762,2.3535,5.8,Europe
Electronic accessories,99.69,1,104.6745,2/27/2019,Credit card,99.69,4.761904762,4.9845,8,Asia
Fashion accessories,88.15,3,277.6725,1/18/2019,Ewallet,264.45,4.761904762,13.2225,7.9,North America
Sports and travel,27.93,5,146.6325,1/29/2019,Cash,139.65,4.761904762,6.9825,5.9,Europe
Fashion accessories,55.45,1,58.2225,2/26/2019,Credit card,55.45,4.761904762,2.7725,4.9,Asia
Sports and travel,42.97,3,135.3555,2/3/2019,Cash,128.91,4.761904762,6.4455,9.3,North America
Sports and travel,17.14,7,125.979,1/16/2019,Credit card,119.98,4.761904762,5.999,7.9,Europe
Fashion accessories,58.75,6,370.125,3/24/2019,Credit card,352.5,4.761904762,17.625,5.9,Asia
Food and beverages,87.1,10,914.55,2/12/2019,Credit card,871,4.761904762,43.55,9.9,North America
Sports and travel,98.8,2,207.48,2/21/2019,Cash,197.6,4.761904762,9.88,7.7,Europe
Fashion accessories,48.63,4,204.246,2/4/2019,Ewallet,194.52,4.761904762,9.726,7.6,Asia
Food and beverages,57.74,3,181.881,2/20/2019,Ewallet,173.22,4.761904762,8.661,7.7,North America
Health and beauty,17.97,4,75.474,2/23/2019,Ewallet,71.88,4.761904762,3.594,6.4,Europe
Health and beauty,47.71,6,300.573,2/16/2019,Ewallet,286.26,4.761904762,14.313,4.4,Asia
Sports and travel,40.62,2,85.302,1/17/2019,Credit card,81.24,4.761904762,4.062,4.1,North America
Fashion accessories,56.04,10,588.42,1/14/2019,Ewallet,560.4,4.761904762,28.02,4.4,Europe
Food and beverages,93.4,2,196.14,3/30/2019,Cash,186.8,4.761904762,9.34,5.5,Asia
Health and beauty,73.41,3,231.2415,3/2/2019,Ewallet,220.23,4.761904762,11.0115,4,North America
Health and beauty,33.64,8,282.576,2/15/2019,Credit card,269.12,4.761904762,13.456,9.3,Europe
Electronic accessories,45.48,10,477.54,3/1/2019,Credit card,454.8,4.761904762,22.74,4.8,Asia
Fashion accessories,83.77,2,175.917,2/24/2019,Cash,167.54,4.761904762,8.377,4.6,North America
Sports and travel,64.08,7,470.988,2/19/2019,Credit card,448.56,4.761904762,22.428,7.3,Europe
Food and beverages,73.47,4,308.574,2/23/2019,Cash,293.88,4.761904762,14.694,6,Asia
Health and beauty,58.95,10,618.975,2/7/2019,Ewallet,589.5,4.761904762,29.475,8.1,North America
Food and beverages,48.5,6,305.55,1/11/2019,Ewallet,291,4.761904762,14.55,9.4,Europe
Electronic accessories,39.48,1,41.454,2/12/2019,Cash,39.48,4.761904762,1.974,6.5,Asia
Sports and travel,34.81,1,36.5505,1/14/2019,Credit card,34.81,4.761904762,1.7405,7,North America
Fashion accessories,49.32,6,310.716,1/9/2019,Ewallet,295.92,4.761904762,14.796,7.1,Europe
Fashion accessories,21.48,2,45.108,2/27/2019,Ewallet,42.96,4.761904762,2.148,6.6,Asia
Sports and travel,23.08,6,145.404,1/24/2019,Ewallet,138.48,4.761904762,6.924,4.9,North America
Home and lifestyle,49.1,2,103.11,1/8/2019,Credit card,98.2,4.761904762,4.91,6.4,Europe
Sports and travel,64.83,2,136.143,1/8/2019,Credit card,129.66,4.761904762,6.483,8,Asia
Home and lifestyle,63.56,10,667.38,1/16/2019,Cash,635.6,4.761904762,31.78,4.3,North America
Sports and travel,72.88,2,153.048,3/13/2019,Cash,145.76,4.761904762,7.288,6.1,Europe
Food and beverages,67.1,3,211.365,2/15/2019,Cash,201.3,4.761904762,10.065,7.5,Asia
Sports and travel,70.19,9,663.2955,1/25/2019,Cash,631.71,4.761904762,31.5855,6.7,North America
Food and beverages,55.04,7,404.544,3/12/2019,Ewallet,385.28,4.761904762,19.264,5.2,Europe
Health and beauty,48.63,10,510.615,3/4/2019,Cash,486.3,4.761904762,24.315,8.8,Asia
Fashion accessories,73.38,7,539.343,2/10/2019,Cash,513.66,4.761904762,25.683,9.5,North America
Food and beverages,52.6,9,497.07,1/16/2019,Cash,473.4,4.761904762,23.67,7.6,Europe
Home and lifestyle,87.37,5,458.6925,1/29/2019,Cash,436.85,4.761904762,21.8425,6.6,Asia
Sports and travel,27.04,4,113.568,1/1/2019,Ewallet,108.16,4.761904762,5.408,6.9,North America
Home and lifestyle,62.19,4,261.198,1/6/2019,Ewallet,248.76,4.761904762,12.438,4.3,Europe
Electronic accessories,69.58,9,657.531,2/19/2019,Credit card,626.22,4.761904762,31.311,7.8,Asia
Home and lifestyle,97.5,10,1023.75,1/12/2019,Ewallet,975,4.761904762,48.75,8,North America
Fashion accessories,60.41,8,507.444,2/7/2019,Ewallet,483.28,4.761904762,24.164,9.6,Europe
Food and beverages,32.32,3,101.808,3/27/2019,Credit card,96.96,4.761904762,4.848,4.3,Asia
Fashion accessories,19.77,10,207.585,2/27/2019,Credit card,197.7,4.761904762,9.885,5,North America
Health and beauty,80.47,9,760.4415,1/6/2019,Cash,724.23,4.761904762,36.2115,9.2,Europe
Home and lifestyle,88.39,9,835.2855,3/2/2019,Cash,795.51,4.761904762,39.7755,6.3,Asia
Health and beauty,71.77,7,527.5095,3/29/2019,Cash,502.39,4.761904762,25.1195,8.9,North America
Electronic accessories,43,4,180.6,1/31/2019,Ewallet,172,4.761904762,8.6,7.6,Europe
Food and beverages,68.98,1,72.429,1/21/2019,Cash,68.98,4.761904762,3.449,4.8,Asia
Fashion accessories,15.62,8,131.208,1/20/2019,Ewallet,124.96,4.761904762,6.248,9.1,North America
Sports and travel,25.7,3,80.955,1/17/2019,Ewallet,77.1,4.761904762,3.855,6.1,Europe
Food and beverages,80.62,6,507.906,2/28/2019,Cash,483.72,4.761904762,24.186,9.1,Asia
Home and lifestyle,75.53,4,317.226,3/19/2019,Ewallet,302.12,4.761904762,15.106,8.3,North America
Electronic accessories,77.63,9,733.6035,2/19/2019,Ewallet,698.67,4.761904762,34.9335,7.2,Europe
Health and beauty,13.85,9,130.8825,2/4/2019,Ewallet,124.65,4.761904762,6.2325,6,Asia
Fashion accessories,98.7,8,829.08,1/31/2019,Ewallet,789.6,4.761904762,39.48,8.5,North America
Health and beauty,35.68,5,187.32,2/6/2019,Credit card,178.4,4.761904762,8.92,6.6,Europe
Fashion accessories,71.46,7,525.231,3/28/2019,Ewallet,500.22,4.761904762,25.011,4.5,Asia
Electronic accessories,11.94,3,37.611,1/19/2019,Credit card,35.82,4.761904762,1.791,8.1,North America
Fashion accessories,45.38,3,142.947,2/17/2019,Credit card,136.14,4.761904762,6.807,7.2,Europe
Fashion accessories,17.48,6,110.124,1/18/2019,Credit card,104.88,4.761904762,5.244,6.1,Asia
Fashion accessories,25.56,7,187.866,2/2/2019,Cash,178.92,4.761904762,8.946,7.1,North America
Sports and travel,90.63,9,856.4535,1/18/2019,Cash,815.67,4.761904762,40.7835,5.1,Europe
Home and lifestyle,44.12,3,138.978,3/18/2019,Credit card,132.36,4.761904762,6.618,7.9,Asia
Food and beverages,36.77,7,270.2595,1/11/2019,Cash,257.39,4.761904762,12.8695,7.4,North America
Food and beverages,23.34,4,98.028,2/4/2019,Ewallet,93.36,4.761904762,4.668,7.4,Europe
Health and beauty,28.5,8,239.4,2/6/2019,Cash,228,4.761904762,11.4,6.6,Asia
Home and lifestyle,55.57,3,175.0455,1/8/2019,Credit card,166.71,4.761904762,8.3355,5.9,North America
Sports and travel,69.74,10,732.27,3/5/2019,Credit card,697.4,4.761904762,34.87,8.9,Europe
Fashion accessories,97.26,4,408.492,3/16/2019,Ewallet,389.04,4.761904762,19.452,6.8,Asia
Home and lifestyle,52.18,7,383.523,3/9/2019,Cash,365.26,4.761904762,18.263,9.3,North America
Fashion accessories,22.32,4,93.744,3/1/2019,Credit card,89.28,4.761904762,4.464,4.4,Europe
Health and beauty,56,3,176.4,2/28/2019,Ewallet,168,4.761904762,8.4,4.8,Asia
Fashion accessories,19.7,1,20.685,2/8/2019,Ewallet,19.7,4.761904762,0.985,9.5,North America
Electronic accessories,75.88,7,557.718,1/24/2019,Ewallet,531.16,4.761904762,26.558,8.9,Europe
Food and beverages,53.72,1,56.406,3/1/2019,Ewallet,53.72,4.761904762,2.686,6.4,Asia
Health and beauty,81.95,10,860.475,3/10/2019,Credit card,819.5,4.761904762,40.975,6,North America
Home and lifestyle,81.2,7,596.82,3/23/2019,Credit card,568.4,4.761904762,28.42,8.1,Europe
Electronic accessories,58.76,10,616.98,1/29/2019,Ewallet,587.6,4.761904762,29.38,9,Asia
Electronic accessories,91.56,8,769.104,1/12/2019,Ewallet,732.48,4.761904762,36.624,6,North America
Home and lifestyle,93.96,9,887.922,3/20/2019,Cash,845.64,4.761904762,42.282,9.8,Europe
Home and lifestyle,55.61,7,408.7335,3/23/2019,Cash,389.27,4.761904762,19.4635,8.5,Asia
Food and beverages,84.83,1,89.0715,1/14/2019,Ewallet,84.83,4.761904762,4.2415,8.8,North America
Sports and travel,71.63,2,150.423,2/12/2019,Ewallet,143.26,4.761904762,7.163,8.8,Europe
Home and lifestyle,37.69,2,79.149,2/20/2019,Ewallet,75.38,4.761904762,3.769,9.5,Asia
Sports and travel,31.67,8,266.028,1/2/2019,Credit card,253.36,4.761904762,12.668,5.6,North America
Food and beverages,38.42,1,40.341,2/2/2019,Cash,38.42,4.761904762,1.921,8.6,Europe
Fashion accessories,65.23,10,684.915,1/8/2019,Credit card,652.3,4.761904762,32.615,5.2,Asia
Home and lifestyle,10.53,5,55.2825,1/30/2019,Credit card,52.65,4.761904762,2.6325,5.8,North America
Home and lifestyle,12.29,9,116.1405,3/26/2019,Credit card,110.61,4.761904762,5.5305,8,Europe
Health and beauty,81.23,7,597.0405,1/15/2019,Cash,568.61,4.761904762,28.4305,9,Asia
Fashion accessories,22.32,4,93.744,3/14/2019,Ewallet,89.28,4.761904762,4.464,4.1,North America
Food and beverages,27.28,5,143.22,2/3/2019,Credit card,136.4,4.761904762,6.82,8.6,Europe
Electronic accessories,17.42,10,182.91,2/22/2019,Ewallet,174.2,4.761904762,8.71,7,Asia
Home and lifestyle,73.28,5,384.72,1/24/2019,Ewallet,366.4,4.761904762,18.32,8.4,North America
Fashion accessories,84.87,3,267.3405,1/25/2019,Ewallet,254.61,4.761904762,12.7305,7.4,Europe
Fashion accessories,97.29,8,817.236,3/9/2019,Credit card,778.32,4.761904762,38.916,6.2,Asia
Electronic accessories,35.74,8,300.216,2/17/2019,Ewallet,285.92,4.761904762,14.296,4.9,North America
Home and lifestyle,96.52,6,608.076,1/11/2019,Cash,579.12,4.761904762,28.956,4.5,Europe
Food and beverages,18.85,10,197.925,2/27/2019,Ewallet,188.5,4.761904762,9.425,5.6,Asia
Food and beverages,55.39,4,232.638,3/25/2019,Ewallet,221.56,4.761904762,11.078,8,North America
Food and beverages,77.2,10,810.6,2/11/2019,Credit card,772,4.761904762,38.6,5.6,Europe
Electronic accessories,72.13,10,757.365,1/31/2019,Credit card,721.3,4.761904762,36.065,4.2,Asia
Fashion accessories,63.88,8,536.592,1/20/2019,Ewallet,511.04,4.761904762,25.552,9.9,North America
Health and beauty,10.69,5,56.1225,3/26/2019,Ewallet,53.45,4.761904762,2.6725,7.6,Europe
Health and beauty,55.5,4,233.1,1/20/2019,Credit card,222,4.761904762,11.1,6.6,Asia
Home and lifestyle,95.46,8,801.864,3/5/2019,Ewallet,763.68,4.761904762,38.184,4.7,North America
Fashion accessories,76.06,3,239.589,1/5/2019,Credit card,228.18,4.761904762,11.409,9.8,Europe
Sports and travel,13.69,6,86.247,2/13/2019,Cash,82.14,4.761904762,4.107,6.3,Asia
Electronic accessories,95.64,4,401.688,3/16/2019,Cash,382.56,4.761904762,19.128,7.9,North America
Home and lifestyle,11.43,6,72.009,1/15/2019,Cash,68.58,4.761904762,3.429,7.7,Europe
Sports and travel,95.54,4,401.268,2/26/2019,Ewallet,382.16,4.761904762,19.108,4.5,Asia
Health and beauty,85.87,7,631.1445,2/27/2019,Credit card,601.09,4.761904762,30.0545,8,North America
Sports and travel,67.99,7,499.7265,2/17/2019,Ewallet,475.93,4.761904762,23.7965,5.7,Europe
Food and beverages,52.42,1,55.041,2/6/2019,Credit card,52.42,4.761904762,2.621,6.3,Asia
Food and beverages,65.65,2,137.865,1/17/2019,Cash,131.3,4.761904762,6.565,6,North America
Food and beverages,28.86,5,151.515,1/22/2019,Credit card,144.3,4.761904762,7.215,8,Europe
Health and beauty,65.31,7,480.0285,3/5/2019,Credit card,457.17,4.761904762,22.8585,4.2,Asia
Sports and travel,93.38,1,98.049,1/3/2019,Cash,93.38,4.761904762,4.669,9.6,North America
Sports and travel,25.25,5,132.5625,3/20/2019,Cash,126.25,4.761904762,6.3125,6.1,Europe
Electronic accessories,87.87,9,830.3715,1/31/2019,Ewallet,790.83,4.761904762,39.5415,5.6,Asia
Health and beauty,21.8,8,183.12,2/19/2019,Cash,174.4,4.761904762,8.72,8.3,North America
Sports and travel,94.76,4,397.992,2/11/2019,Ewallet,379.04,4.761904762,18.952,7.8,Europe
Fashion accessories,30.62,1,32.151,2/5/2019,Credit card,30.62,4.761904762,1.531,4.1,Asia
Home and lifestyle,44.01,8,369.684,3/3/2019,Cash,352.08,4.761904762,17.604,8.8,North America
Health and beauty,10.16,5,53.34,2/24/2019,Ewallet,50.8,4.761904762,2.54,4.1,Europe
Electronic accessories,74.58,7,548.163,2/4/2019,Credit card,522.06,4.761904762,26.103,9,Asia
Electronic accessories,71.89,8,603.876,2/19/2019,Ewallet,575.12,4.761904762,28.756,5.5,North America
Health and beauty,10.99,5,57.6975,1/23/2019,Credit card,54.95,4.761904762,2.7475,9.3,Europe
Health and beauty,60.47,3,190.4805,1/14/2019,Credit card,181.41,4.761904762,9.0705,5.6,Asia
Sports and travel,58.91,7,432.9885,1/17/2019,Ewallet,412.37,4.761904762,20.6185,9.7,North America
Fashion accessories,46.41,1,48.7305,3/3/2019,Credit card,46.41,4.761904762,2.3205,4,Europe
Health and beauty,68.55,4,287.91,2/15/2019,Credit card,274.2,4.761904762,13.71,9.2,Asia
Home and lifestyle,97.37,10,1022.385,1/15/2019,Credit card,973.7,4.761904762,48.685,4.9,North America
Electronic accessories,92.6,7,680.61,2/27/2019,Credit card,648.2,4.761904762,32.41,9.3,Europe
Electronic accessories,46.61,2,97.881,2/26/2019,Credit card,93.22,4.761904762,4.661,6.6,Asia
Fashion accessories,27.18,2,57.078,3/15/2019,Ewallet,54.36,4.761904762,2.718,4.3,North America
Home and lifestyle,60.87,1,63.9135,1/24/2019,Cash,60.87,4.761904762,3.0435,5.5,Europe
Sports and travel,24.49,10,257.145,2/22/2019,Cash,244.9,4.761904762,12.245,8.1,Asia
Health and beauty,92.78,1,97.419,3/15/2019,Credit card,92.78,4.761904762,4.639,9.8,North America
Home and lifestyle,86.69,5,455.1225,2/11/2019,Ewallet,433.45,4.761904762,21.6725,9.4,Europe
Sports and travel,23.01,6,144.963,1/12/2019,Ewallet,138.06,4.761904762,6.903,7.9,Asia
Electronic accessories,30.2,8,253.68,3/3/2019,Ewallet,241.6,4.761904762,12.08,5.1,North America
Fashion accessories,67.39,7,495.3165,3/23/2019,Ewallet,471.73,4.761904762,23.5865,6.9,Europe
Fashion accessories,48.96,9,462.672,3/4/2019,Cash,440.64,4.761904762,22.032,8,Asia
Electronic accessories,75.59,9,714.3255,2/23/2019,Cash,680.31,4.761904762,34.0155,8,North America
Home and lifestyle,77.47,4,325.374,3/17/2019,Cash,309.88,4.761904762,15.494,4.2,Europe
Sports and travel,93.18,2,195.678,1/16/2019,Credit card,186.36,4.761904762,9.318,8.5,Asia
Electronic accessories,50.23,4,210.966,1/8/2019,Cash,200.92,4.761904762,10.046,9,North America
Health and beauty,17.75,1,18.6375,1/14/2019,Cash,17.75,4.761904762,0.8875,8.6,Europe
Fashion accessories,62.18,10,652.89,1/31/2019,Ewallet,621.8,4.761904762,31.09,6,Asia
Health and beauty,10.75,8,90.3,3/15/2019,Ewallet,86,4.761904762,4.3,6.2,North America
Electronic accessories,40.26,10,422.73,2/24/2019,Credit card,402.6,4.761904762,20.13,5,Europe
Sports and travel,64.97,5,341.0925,2/8/2019,Credit card,324.85,4.761904762,16.2425,6.5,Asia
Electronic accessories,95.15,1,99.9075,3/22/2019,Cash,95.15,4.761904762,4.7575,6,North America
Electronic accessories,48.62,8,408.408,1/24/2019,Cash,388.96,4.761904762,19.448,5,Europe
Food and beverages,53.21,8,446.964,3/14/2019,Ewallet,425.68,4.761904762,21.284,5,Asia
Fashion accessories,45.44,7,333.984,1/23/2019,Cash,318.08,4.761904762,15.904,9.2,North America
Food and beverages,33.88,8,284.592,1/19/2019,Ewallet,271.04,4.761904762,13.552,9.6,Europe
Health and beauty,96.16,4,403.872,1/27/2019,Credit card,384.64,4.761904762,19.232,8.4,Asia
Food and beverages,47.16,5,247.59,2/3/2019,Credit card,235.8,4.761904762,11.79,6,North America
Electronic accessories,52.89,4,222.138,3/25/2019,Ewallet,211.56,4.761904762,10.578,6.7,Europe
Home and lifestyle,47.68,2,100.128,2/24/2019,Credit card,95.36,4.761904762,4.768,4.1,Asia
Sports and travel,10.17,1,10.6785,2/7/2019,Cash,10.17,4.761904762,0.5085,5.9,North America
Health and beauty,68.71,3,216.4365,3/4/2019,Cash,206.13,4.761904762,10.3065,8.7,Europe
Sports and travel,60.08,7,441.588,2/14/2019,Credit card,420.56,4.761904762,21.028,4.5,Asia
Sports and travel,22.01,4,92.442,1/29/2019,Credit card,88.04,4.761904762,4.402,6.6,North America
Health and beauty,72.11,9,681.4395,1/28/2019,Credit card,648.99,4.761904762,32.4495,7.7,Europe
Fashion accessories,41.28,3,130.032,3/26/2019,Credit card,123.84,4.761904762,6.192,8.5,Asia
Electronic accessories,64.95,10,681.975,3/24/2019,Cash,649.5,4.761904762,32.475,5.2,North America
Electronic accessories,74.22,10,779.31,1/1/2019,Credit card,742.2,4.761904762,37.11,4.3,Europe
Electronic accessories,10.56,8,88.704,1/24/2019,Cash,84.48,4.761904762,4.224,7.6,Asia
Health and beauty,62.57,4,262.794,2/25/2019,Cash,250.28,4.761904762,12.514,9.5,North America
Sports and travel,11.85,8,99.54,1/9/2019,Cash,94.8,4.761904762,4.74,4.1,Europe
Health and beauty,91.3,1,95.865,2/14/2019,Ewallet,91.3,4.761904762,4.565,9.2,Asia
Home and lifestyle,40.73,7,299.3655,3/12/2019,Ewallet,285.11,4.761904762,14.2555,5.4,North America
Fashion accessories,52.38,1,54.999,3/26/2019,Cash,52.38,4.761904762,2.619,5.8,Europe
Fashion accessories,38.54,5,202.335,1/9/2019,Ewallet,192.7,4.761904762,9.635,5.6,Asia
Sports and travel,44.63,6,281.169,1/2/2019,Credit card,267.78,4.761904762,13.389,5.1,North America
Electronic accessories,55.87,10,586.635,1/15/2019,Cash,558.7,4.761904762,27.935,5.8,Europe
Sports and travel,29.22,6,184.086,1/1/2019,Ewallet,175.32,4.761904762,8.766,5,Asia
Fashion accessories,51.94,3,163.611,2/15/2019,Cash,155.82,4.761904762,7.791,7.9,North America
Electronic accessories,60.3,1,63.315,2/28/2019,Cash,60.3,4.761904762,3.015,6,Europe
Sports and travel,39.47,2,82.887,3/2/2019,Credit card,78.94,4.761904762,3.947,5,Asia
Food and beverages,14.87,2,31.227,2/13/2019,Credit card,29.74,4.761904762,1.487,8.9,North America
Fashion accessories,21.32,1,22.386,1/26/2019,Cash,21.32,4.761904762,1.066,5.9,Europe
Electronic accessories,93.78,3,295.407,1/30/2019,Credit card,281.34,4.761904762,14.067,5.9,Asia
Electronic accessories,73.26,1,76.923,1/27/2019,Ewallet,73.26,4.761904762,3.663,9.7,North America
Sports and travel,22.38,1,23.499,1/30/2019,Credit card,22.38,4.761904762,1.119,8.6,Europe
Food and beverages,72.88,9,688.716,1/8/2019,Cash,655.92,4.761904762,32.796,4,Asia
Fashion accessories,99.1,6,624.33,1/19/2019,Cash,594.6,4.761904762,29.73,4.2,North America
Fashion accessories,74.1,1,77.805,1/25/2019,Cash,74.1,4.761904762,3.705,9.2,Europe
Fashion accessories,98.48,2,206.808,2/19/2019,Ewallet,196.96,4.761904762,9.848,9.2,Asia
Health and beauty,53.19,7,390.9465,1/14/2019,Ewallet,372.33,4.761904762,18.6165,5,North America
Electronic accessories,52.79,10,554.295,2/25/2019,Ewallet,527.9,4.761904762,26.395,10,Europe
Health and beauty,95.95,5,503.7375,1/23/2019,Ewallet,479.75,4.761904762,23.9875,8.8,Asia
Fashion accessories,36.51,9,345.0195,2/16/2019,Cash,328.59,4.761904762,16.4295,4.2,North America
Food and beverages,21.12,8,177.408,1/1/2019,Cash,168.96,4.761904762,8.448,6.3,Europe
Home and lifestyle,28.31,4,118.902,3/7/2019,Cash,113.24,4.761904762,5.662,8.2,Asia
Health and beauty,57.59,6,362.817,2/15/2019,Cash,345.54,4.761904762,17.277,5.1,North America
Food and beverages,47.63,9,450.1035,1/23/2019,Cash,428.67,4.761904762,21.4335,5,Europe
Home and lifestyle,86.27,1,90.5835,2/20/2019,Ewallet,86.27,4.761904762,4.3135,7,Asia
Sports and travel,12.76,2,26.796,1/8/2019,Ewallet,25.52,4.761904762,1.276,7.8,North America
Home and lifestyle,11.28,9,106.596,3/17/2019,Credit card,101.52,4.761904762,5.076,4.3,Europe
Home and lifestyle,51.07,7,375.3645,1/12/2019,Cash,357.49,4.761904762,17.8745,7,Asia
Electronic accessories,79.59,3,250.7085,1/8/2019,Cash,238.77,4.761904762,11.9385,6.6,North America
Health and beauty,33.81,3,106.5015,1/26/2019,Ewallet,101.43,4.761904762,5.0715,7.3,Europe
Sports and travel,90.53,8,760.452,3/15/2019,Credit card,724.24,4.761904762,36.212,6.5,Asia
Health and beauty,62.82,2,131.922,1/17/2019,Ewallet,125.64,4.761904762,6.282,4.9,North America
Food and beverages,24.31,3,76.5765,1/8/2019,Credit card,72.93,4.761904762,3.6465,4.3,Europe
Sports and travel,64.59,4,271.278,1/6/2019,Ewallet,258.36,4.761904762,12.918,9.3,Asia
Food and beverages,24.82,7,182.427,2/16/2019,Credit card,173.74,4.761904762,8.687,7.1,North America
Fashion accessories,56.5,1,59.325,3/13/2019,Ewallet,56.5,4.761904762,2.825,9.6,Europe
Electronic accessories,21.43,10,225.015,1/28/2019,Cash,214.3,4.761904762,10.715,6.2,Asia
Sports and travel,89.06,6,561.078,1/18/2019,Cash,534.36,4.761904762,26.718,9.9,North America
Home and lifestyle,23.29,4,97.818,3/19/2019,Credit card,93.16,4.761904762,4.658,5.9,Europe
Home and lifestyle,65.26,8,548.184,3/15/2019,Ewallet,522.08,4.761904762,26.104,6.3,Asia
Fashion accessories,52.35,1,54.9675,2/12/2019,Cash,52.35,4.761904762,2.6175,4,North America
Electronic accessories,39.75,1,41.7375,2/25/2019,Cash,39.75,4.761904762,1.9875,6.1,Europe
Electronic accessories,90.02,8,756.168,3/21/2019,Credit card,720.16,4.761904762,36.008,4.5,Asia
Electronic accessories,12.1,8,101.64,1/19/2019,Ewallet,96.8,4.761904762,4.84,8.6,North America
Food and beverages,33.21,10,348.705,1/8/2019,Ewallet,332.1,4.761904762,16.605,6,Europe
Fashion accessories,10.18,8,85.512,3/30/2019,Credit card,81.44,4.761904762,4.072,9.5,Asia
Sports and travel,31.99,10,335.895,2/20/2019,Credit card,319.9,4.761904762,15.995,9.9,North America
Home and lifestyle,34.42,6,216.846,3/30/2019,Ewallet,206.52,4.761904762,10.326,7.5,Europe
Food and beverages,83.34,2,175.014,3/19/2019,Cash,166.68,4.761904762,8.334,7.6,Asia
Sports and travel,45.58,7,335.013,1/13/2019,Cash,319.06,4.761904762,15.953,5,North America
Food and beverages,87.9,1,92.295,2/5/2019,Ewallet,87.9,4.761904762,4.395,6.7,Europe
Electronic accessories,73.47,10,771.435,3/23/2019,Ewallet,734.7,4.761904762,36.735,9.5,Asia
Fashion accessories,12.19,8,102.396,3/13/2019,Ewallet,97.52,4.761904762,4.876,6.8,North America
Sports and travel,76.92,10,807.66,3/17/2019,Ewallet,769.2,4.761904762,38.46,5.6,Europe
Health and beauty,83.66,5,439.215,2/21/2019,Cash,418.3,4.761904762,20.915,7.2,Asia
Electronic accessories,57.91,8,486.444,2/7/2019,Cash,463.28,4.761904762,23.164,8.1,North America
Fashion accessories,92.49,5,485.5725,3/2/2019,Credit card,462.45,4.761904762,23.1225,8.6,Europe
Electronic accessories,28.38,5,148.995,3/6/2019,Cash,141.9,4.761904762,7.095,9.4,Asia
Electronic accessories,50.45,6,317.835,2/6/2019,Credit card,302.7,4.761904762,15.135,8.9,North America
Health and beauty,99.16,8,832.944,1/28/2019,Credit card,793.28,4.761904762,39.664,4.2,Europe
Fashion accessories,60.74,7,446.439,1/18/2019,Ewallet,425.18,4.761904762,21.259,5,Asia
Food and beverages,47.27,6,297.801,2/5/2019,Cash,283.62,4.761904762,14.181,8.8,North America
Health and beauty,85.6,7,629.16,3/2/2019,Cash,599.2,4.761904762,29.96,5.3,Europe
Food and beverages,35.04,9,331.128,2/9/2019,Ewallet,315.36,4.761904762,15.768,4.6,Asia
Electronic accessories,44.84,9,423.738,1/14/2019,Credit card,403.56,4.761904762,20.178,7.5,North America
Home and lifestyle,45.97,4,193.074,2/9/2019,Ewallet,183.88,4.761904762,9.194,5.1,Europe
Health and beauty,27.73,5,145.5825,3/26/2019,Credit card,138.65,4.761904762,6.9325,4.2,Asia
Food and beverages,11.53,7,84.7455,1/28/2019,Cash,80.71,4.761904762,4.0355,8.1,North America
Health and beauty,58.32,2,122.472,2/14/2019,Ewallet,116.64,4.761904762,5.832,6,Europe
Home and lifestyle,78.38,4,329.196,3/24/2019,Cash,313.52,4.761904762,15.676,7.9,Asia
Health and beauty,84.61,10,888.405,2/9/2019,Credit card,846.1,4.761904762,42.305,8.8,North America
Health and beauty,82.88,5,435.12,3/24/2019,Credit card,414.4,4.761904762,20.72,6.6,Europe
Food and beverages,79.54,2,167.034,3/27/2019,Ewallet,159.08,4.761904762,7.954,6.2,Asia
Home and lifestyle,49.01,10,514.605,1/27/2019,Credit card,490.1,4.761904762,24.505,4.2,North America
Food and beverages,29.15,3,91.8225,3/27/2019,Credit card,87.45,4.761904762,4.3725,7.3,Europe
Electronic accessories,56.13,4,235.746,1/19/2019,Ewallet,224.52,4.761904762,11.226,8.6,Asia
Home and lifestyle,93.12,8,782.208,2/7/2019,Cash,744.96,4.761904762,37.248,6.8,North America
Fashion accessories,51.34,8,431.256,1/31/2019,Ewallet,410.72,4.761904762,20.536,7.6,Europe
Food and beverages,99.6,3,313.74,2/25/2019,Cash,298.8,4.761904762,14.94,5.8,Asia
Electronic accessories,35.49,6,223.587,2/2/2019,Cash,212.94,4.761904762,10.647,4.1,North America
Sports and travel,42.85,1,44.9925,3/14/2019,Credit card,42.85,4.761904762,2.1425,9.3,Europe
Fashion accessories,94.67,4,397.614,3/11/2019,Cash,378.68,4.761904762,18.934,6.8,Asia
Home and lifestyle,68.97,3,217.2555,2/22/2019,Ewallet,206.91,4.761904762,10.3455,8.7,North America
Electronic accessories,26.26,3,82.719,3/2/2019,Ewallet,78.78,4.761904762,3.939,6.3,Europe
Home and lifestyle,35.79,9,338.2155,3/10/2019,Credit card,322.11,4.761904762,16.1055,5.1,Asia
Home and lifestyle,16.37,6,103.131,2/8/2019,Cash,98.22,4.761904762,4.911,7,North America
Home and lifestyle,12.73,2,26.733,2/22/2019,Credit card,25.46,4.761904762,1.273,5.2,Europe
Sports and travel,83.14,7,611.079,1/10/2019,Credit card,581.98,4.761904762,29.099,6.6,Asia
Sports and travel,35.22,6,221.886,3/14/2019,Ewallet,211.32,4.761904762,10.566,6.5,North America
Electronic accessories,13.78,4,57.876,1/10/2019,Ewallet,55.12,4.761904762,2.756,9,Europe
Sports and travel,88.31,1,92.7255,2/15/2019,Credit card,88.31,4.761904762,4.4155,5.2,Asia
Health and beauty,39.62,9,374.409,1/13/2019,Credit card,356.58,4.761904762,17.829,6.8,North America
Electronic accessories,88.25,9,833.9625,2/15/2019,Credit card,794.25,4.761904762,39.7125,7.6,Europe
Sports and travel,25.31,2,53.151,3/2/2019,Ewallet,50.62,4.761904762,2.531,7.2,Asia
Home and lifestyle,99.92,6,629.496,3/24/2019,Ewallet,599.52,4.761904762,29.976,7.1,North America
Fashion accessories,83.35,2,175.035,2/2/2019,Credit card,166.7,4.761904762,8.335,9.5,Europe
Food and beverages,74.44,10,781.62,2/27/2019,Ewallet,744.4,4.761904762,37.22,5.1,Asia
Health and beauty,64.08,7,470.988,1/20/2019,Ewallet,448.56,4.761904762,22.428,7.6,North America
Home and lifestyle,63.15,6,397.845,1/3/2019,Ewallet,378.9,4.761904762,18.945,9.8,Europe
Home and lifestyle,85.72,3,270.018,1/24/2019,Ewallet,257.16,4.761904762,12.858,5.1,Asia
Health and beauty,78.89,7,579.8415,1/5/2019,Ewallet,552.23,4.761904762,27.6115,7.5,North America
Sports and travel,89.48,5,469.77,3/30/2019,Cash,447.4,4.761904762,22.37,7.4,Europe
Health and beauty,92.09,3,290.0835,2/17/2019,Cash,276.27,4.761904762,13.8135,4.2,Asia
Food and beverages,57.29,6,360.927,3/21/2019,Ewallet,343.74,4.761904762,17.187,5.9,North America
Food and beverages,66.52,4,279.384,3/2/2019,Ewallet,266.08,4.761904762,13.304,6.9,Europe
Fashion accessories,99.82,9,943.299,3/27/2019,Cash,898.38,4.761904762,44.919,6.6,Asia
Home and lifestyle,45.68,10,479.64,1/19/2019,Ewallet,456.8,4.761904762,22.84,5.7,North America
Health and beauty,50.79,5,266.6475,2/19/2019,Credit card,253.95,4.761904762,12.6975,5.3,Europe
Health and beauty,10.08,7,74.088,3/28/2019,Cash,70.56,4.761904762,3.528,4.2,Asia
Electronic accessories,93.88,7,690.018,1/5/2019,Credit card,657.16,4.761904762,32.858,7.3,North America
Electronic accessories,84.25,2,176.925,3/26/2019,Credit card,168.5,4.761904762,8.425,5.3,Europe
Fashion accessories,53.78,1,56.469,2/3/2019,Ewallet,53.78,4.761904762,2.689,4.7,Asia
Home and lifestyle,35.81,5,188.0025,2/6/2019,Ewallet,179.05,4.761904762,8.9525,7.9,North America
Food and beverages,26.43,8,222.012,2/24/2019,Ewallet,211.44,4.761904762,10.572,8.9,Europe
Health and beauty,39.91,3,125.7165,2/21/2019,Ewallet,119.73,4.761904762,5.9865,9.3,Asia
Home and lifestyle,21.9,3,68.985,1/9/2019,Ewallet,65.7,4.761904762,3.285,4.7,North America
Food and beverages,62.85,4,263.97,2/25/2019,Ewallet,251.4,4.761904762,12.57,8.7,Europe
Food and beverages,21.04,4,88.368,1/13/2019,Cash,84.16,4.761904762,4.208,7.6,Asia
Home and lifestyle,65.91,6,415.233,2/9/2019,Cash,395.46,4.761904762,19.773,5.7,North America
Fashion accessories,42.57,7,312.8895,1/6/2019,Cash,297.99,4.761904762,14.8995,6.8,Europe
Food and beverages,50.49,9,477.1305,1/10/2019,Cash,454.41,4.761904762,22.7205,5.4,Asia
Electronic accessories,46.02,6,289.926,2/7/2019,Cash,276.12,4.761904762,13.806,7.1,North America
Home and lifestyle,15.8,10,165.9,1/9/2019,Cash,158,4.761904762,7.9,7.8,Europe
Food and beverages,98.66,9,932.337,2/19/2019,Cash,887.94,4.761904762,44.397,8.4,Asia
Fashion accessories,91.98,1,96.579,3/18/2019,Cash,91.98,4.761904762,4.599,9.8,North America
Electronic accessories,20.89,2,43.869,2/5/2019,Cash,41.78,4.761904762,2.089,9.8,Europe
Fashion accessories,15.5,1,16.275,3/19/2019,Credit card,15.5,4.761904762,0.775,7.4,Asia
Electronic accessories,96.82,3,304.983,3/30/2019,Cash,290.46,4.761904762,14.523,6.7,North America
Food and beverages,33.33,2,69.993,1/26/2019,Credit card,66.66,4.761904762,3.333,6.4,Europe
Electronic accessories,38.27,2,80.367,3/2/2019,Credit card,76.54,4.761904762,3.827,5.8,Asia
Home and lifestyle,33.3,9,314.685,3/4/2019,Ewallet,299.7,4.761904762,14.985,7.2,North America
Home and lifestyle,81.01,3,255.1815,1/13/2019,Credit card,243.03,4.761904762,12.1515,9.3,Europe
Health and beauty,15.8,3,49.77,3/25/2019,Cash,47.4,4.761904762,2.37,9.5,Asia
Electronic accessories,34.49,5,181.0725,3/11/2019,Credit card,172.45,4.761904762,8.6225,9,North America
Food and beverages,84.63,10,888.615,1/1/2019,Credit card,846.3,4.761904762,42.315,9,Europe
Home and lifestyle,36.91,7,271.2885,2/10/2019,Ewallet,258.37,4.761904762,12.9185,6.7,Asia
Electronic accessories,87.08,7,640.038,1/26/2019,Cash,609.56,4.761904762,30.478,5.5,North America
Home and lifestyle,80.08,3,252.252,2/11/2019,Cash,240.24,4.761904762,12.012,5.4,Europe
Fashion accessories,86.13,2,180.873,2/7/2019,Cash,172.26,4.761904762,8.613,8.2,Asia
Fashion accessories,49.92,2,104.832,3/6/2019,Credit card,99.84,4.761904762,4.992,7,North America
Food and beverages,74.66,4,313.572,3/4/2019,Cash,298.64,4.761904762,14.932,8.5,Europe
Food and beverages,26.6,6,167.58,2/26/2019,Ewallet,159.6,4.761904762,7.98,4.9,Asia
Electronic accessories,25.45,1,26.7225,3/10/2019,Credit card,25.45,4.761904762,1.2725,5.1,North America
Food and beverages,67.77,1,71.1585,2/4/2019,Credit card,67.77,4.761904762,3.3885,6.5,Europe
Food and beverages,59.59,4,250.278,1/19/2019,Cash,238.36,4.761904762,11.918,9.8,Asia
Health and beauty,58.15,4,244.23,1/23/2019,Cash,232.6,4.761904762,11.63,8.4,North America
Sports and travel,97.48,9,921.186,3/14/2019,Ewallet,877.32,4.761904762,43.866,7.4,Europe
Health and beauty,99.96,7,734.706,1/23/2019,Cash,699.72,4.761904762,34.986,6.1,Asia
Electronic accessories,96.37,7,708.3195,1/9/2019,Cash,674.59,4.761904762,33.7295,6,North America
Fashion accessories,63.71,5,334.4775,2/7/2019,Ewallet,318.55,4.761904762,15.9275,8.5,Europe
Health and beauty,14.76,2,30.996,2/18/2019,Ewallet,29.52,4.761904762,1.476,4.3,Asia
Health and beauty,62,8,520.8,1/3/2019,Credit card,496,4.761904762,24.8,6.2,North America
Electronic accessories,82.34,10,864.57,3/29/2019,Ewallet,823.4,4.761904762,41.17,4.3,Europe
Health and beauty,75.37,8,633.108,1/28/2019,Credit card,602.96,4.761904762,30.148,8.4,Asia
Food and beverages,56.56,5,296.94,3/22/2019,Credit card,282.8,4.761904762,14.14,4.5,North America
Sports and travel,76.6,10,804.3,1/24/2019,Ewallet,766,4.761904762,38.3,6,Europe
Electronic accessories,58.03,2,121.863,3/10/2019,Ewallet,116.06,4.761904762,5.803,8.8,Asia
Fashion accessories,17.49,10,183.645,2/22/2019,Ewallet,174.9,4.761904762,8.745,6.6,North America
Electronic accessories,60.95,1,63.9975,2/18/2019,Ewallet,60.95,4.761904762,3.0475,5.9,Europe
Health and beauty,40.35,1,42.3675,1/29/2019,Ewallet,40.35,4.761904762,2.0175,6.2,Asia
Home and lifestyle,97.38,10,1022.49,3/2/2019,Ewallet,973.8,4.761904762,48.69,4.4,North America
Food and beverages,31.84,1,33.432,2/9/2019,Cash,31.84,4.761904762,1.592,7.7,Europe
Home and lifestyle,65.82,1,69.111,2/22/2019,Cash,65.82,4.761904762,3.291,4.1,Asia
Fashion accessories,88.34,7,649.299,2/18/2019,Cash,618.38,4.761904762,30.919,6.6,North America
